Rule ID,Property,Question,Answer,Action,Reason shown to the guest,Owner verdict (keep / change / remove),Comment
R001,Bittern,How many,3 or 4,-12,,,
R002,Bittern,How many,5 or 6,+2,"Sleeps 8, with a bed or two spare",,
R003,Bittern,How many,7 or 8,+6,"Sleeps 8, the right size for your party",,
R004,Bittern,How many,9 to 12,EXCLUDE,"Sleeps 8, not enough beds for 9 to 12",,
R005,Bittern,How many,13 or more,EXCLUDE,"Sleeps 8, not enough beds for 13 or more",,
R006,Bittern,Who's coming,Just the two of us,-6,,,
R007,Bittern,Who's coming,Just me,-4,,,
R008,Bittern,Who's coming,Family with children,+4,Set up for families,,
R009,Bittern,Who's coming,A big get-together,+6,Room for a big get-together,,
R010,Bittern,Must have,The dog comes too,+10,Dogs welcome,,
R011,Bittern,Must have,A mooring for our boat,+10,A mooring at the property,,
R012,Bittern,Must have,Everything on one level,+10,Everything on one level,,
R013,Bittern,Must have,A hot tub,-2,,,
R014,Bittern,Must have,A river view,+4,Right by the water,,
R015,Bittern,Your time,Out on the water,+6,Moor your boat at the bottom of the garden,,
R016,Bittern,Your time,Fishing,+3,Right on the water,,
R017,Bittern,Your time,Walking and wildlife,+2,Dogs welcome on the walks,,
R018,Bittern,Your time,"Pubs, villages and days out",+3,Horning's pubs and river frontage,,
R019,Bittern,Your time,Doing very little,+5,Sit by the water and watch the boats go by,,
R020,Bittern,Where,Wroxham and Hoveton,-5,,,
R021,Bittern,Where,Horning,+8,"In Horning, where you asked",,
R022,Bittern,Where,Potter Heigham and the Thurne,-5,,,
R023,Bittern,Where,"Reedham, Brundall and the Yare",-5,,,
R024,Bittern,Where,Somewhere quiet and rural,-5,,,
R025,Bluebell Lodge,How many,3 or 4,+6,"Sleeps 4, the right size for your party",,
R026,Bluebell Lodge,How many,5 or 6,EXCLUDE,"Sleeps 4, not enough beds for 5 to 6",,
R027,Bluebell Lodge,How many,7 or 8,EXCLUDE,"Sleeps 4, not enough beds for 7 to 8",,
R028,Bluebell Lodge,How many,9 to 12,EXCLUDE,"Sleeps 4, not enough beds for 9 to 12",,
R029,Bluebell Lodge,How many,13 or more,EXCLUDE,"Sleeps 4, not enough beds for 13 or more",,
R030,Bluebell Lodge,Who's coming,Just the two of us,+4,A cottage sized for a couple,,
R031,Bluebell Lodge,Who's coming,Just me,+5,Small enough to feel like your own,,
R032,Bluebell Lodge,Who's coming,A big get-together,-6,,,
R033,Bluebell Lodge,Must have,The dog comes too,EXCLUDE,Doesn't take pets,,
R034,Bluebell Lodge,Must have,A mooring for our boat,+10,A mooring at the property,,
R035,Bluebell Lodge,Must have,Everything on one level,-8,,,
R036,Bluebell Lodge,Must have,A hot tub,-2,,,
R037,Bluebell Lodge,Must have,A river view,+4,Right by the water,,
R038,Bluebell Lodge,Your time,Out on the water,+6,Moor your boat at the bottom of the garden,,
R039,Bluebell Lodge,Your time,Fishing,+8,Fishing from the garden or close by,,
R040,Bluebell Lodge,Your time,Fishing,+3,Right on the water,,
R041,Bluebell Lodge,Your time,"Pubs, villages and days out",+3,Horning's pubs and river frontage,,
R042,Bluebell Lodge,Your time,"Pubs, villages and days out",+2,Parking at the property for days out,,
R043,Bluebell Lodge,Your time,Doing very little,+5,Sit by the water and watch the boats go by,,
R044,Bluebell Lodge,Where,Wroxham and Hoveton,-5,,,
R045,Bluebell Lodge,Where,Horning,+8,"In Horning, where you asked",,
R046,Bluebell Lodge,Where,Potter Heigham and the Thurne,-5,,,
R047,Bluebell Lodge,Where,"Reedham, Brundall and the Yare",-5,,,
R048,Bluebell Lodge,Where,Somewhere quiet and rural,-5,,,
R049,Broadwater,How many,3 or 4,+2,"Sleeps 6, with a bed or two spare",,
R050,Broadwater,How many,5 or 6,+6,"Sleeps 6, the right size for your party",,
R051,Broadwater,How many,7 or 8,EXCLUDE,"Sleeps 6, not enough beds for 7 to 8",,
R052,Broadwater,How many,9 to 12,EXCLUDE,"Sleeps 6, not enough beds for 9 to 12",,
R053,Broadwater,How many,13 or more,EXCLUDE,"Sleeps 6, not enough beds for 13 or more",,
R054,Broadwater,Who's coming,Just me,-4,,,
R055,Broadwater,Who's coming,Family with children,+4,Set up for families,,
R056,Broadwater,Who's coming,Family with children,+2,A garden for the children,,
R057,Broadwater,Who's coming,A group of friends,+3,Pubs and restaurants a short walk away,,
R058,Broadwater,Must have,The dog comes too,EXCLUDE,Doesn't take pets,,
R059,Broadwater,Must have,A mooring for our boat,+10,A mooring at the property,,
R060,Broadwater,Must have,Everything on one level,-8,,,
R061,Broadwater,Must have,A hot tub,-2,,,
R062,Broadwater,Must have,A river view,+4,Right by the water,,
R063,Broadwater,Your time,Out on the water,+8,A day boat comes with the cottage,,
R064,Broadwater,Your time,Out on the water,+6,Moor your boat at the bottom of the garden,,
R065,Broadwater,Your time,Fishing,+8,Fishing from the garden or close by,,
R066,Broadwater,Your time,Fishing,+3,Right on the water,,
R067,Broadwater,Your time,Walking and wildlife,+2,A garden to come back to,,
R068,Broadwater,Your time,"Pubs, villages and days out",+6,In the heart of the village,,
R069,Broadwater,Your time,"Pubs, villages and days out",+3,Wroxham's shops and boatyards close by,,
R070,Broadwater,Your time,Doing very little,+5,Sit by the water and watch the boats go by,,
R071,Broadwater,Your time,Doing very little,+3,A garden to yourselves,,
R072,Broadwater,Your time,Doing very little,-2,,,
R073,Broadwater,Where,Wroxham and Hoveton,+8,"In Wroxham, where you asked",,
R074,Broadwater,Where,Horning,-5,,,
R075,Broadwater,Where,Potter Heigham and the Thurne,-5,,,
R076,Broadwater,Where,"Reedham, Brundall and the Yare",-5,,,
R077,Broadwater,Where,Somewhere quiet and rural,-5,,,
R078,Bure Banks,How many,3 or 4,+2,"Sleeps 5, with a bed or two spare",,
R079,Bure Banks,How many,5 or 6,+6,"Sleeps 5, the right size for your party",,
R080,Bure Banks,How many,7 or 8,EXCLUDE,"Sleeps 5, not enough beds for 7 to 8",,
R081,Bure Banks,How many,9 to 12,EXCLUDE,"Sleeps 5, not enough beds for 9 to 12",,
R082,Bure Banks,How many,13 or more,EXCLUDE,"Sleeps 5, not enough beds for 13 or more",,
R083,Bure Banks,Who's coming,Family with children,+2,A garden for the children,,
R084,Bure Banks,Who's coming,A group of friends,+3,Pubs and restaurants a short walk away,,
R085,Bure Banks,Who's coming,A big get-together,-6,,,
R086,Bure Banks,Must have,The dog comes too,+10,Dogs welcome,,
R087,Bure Banks,Must have,A mooring for our boat,+10,A mooring at the property,,
R088,Bure Banks,Must have,Everything on one level,-8,,,
R089,Bure Banks,Must have,A hot tub,-2,,,
R090,Bure Banks,Must have,A river view,+4,Right by the water,,
R091,Bure Banks,Your time,Out on the water,+6,Moor your boat at the bottom of the garden,,
R092,Bure Banks,Your time,Fishing,+8,Fishing from the garden or close by,,
R093,Bure Banks,Your time,Fishing,+3,Right on the water,,
R094,Bure Banks,Your time,Walking and wildlife,+2,A garden to come back to,,
R095,Bure Banks,Your time,Walking and wildlife,+2,Dogs welcome on the walks,,
R096,Bure Banks,Your time,"Pubs, villages and days out",+6,In the heart of the village,,
R097,Bure Banks,Your time,"Pubs, villages and days out",+3,Wroxham's shops and boatyards close by,,
R098,Bure Banks,Your time,Doing very little,+5,Sit by the water and watch the boats go by,,
R099,Bure Banks,Your time,Doing very little,+3,A garden to yourselves,,
R100,Bure Banks,Your time,Doing very little,-2,,,
R101,Bure Banks,Where,Wroxham and Hoveton,+8,"In Wroxham, where you asked",,
R102,Bure Banks,Where,Horning,-5,,,
R103,Bure Banks,Where,Potter Heigham and the Thurne,-5,,,
R104,Bure Banks,Where,"Reedham, Brundall and the Yare",-5,,,
R105,Bure Banks,Where,Somewhere quiet and rural,-5,,,
R106,Bure Croft,How many,3 or 4,-12,,,
R107,Bure Croft,How many,5 or 6,+2,"Sleeps 8, with a bed or two spare",,
R108,Bure Croft,How many,7 or 8,+6,"Sleeps 8, the right size for your party",,
R109,Bure Croft,How many,9 to 12,EXCLUDE,"Sleeps 8, not enough beds for 9 to 12",,
R110,Bure Croft,How many,13 or more,EXCLUDE,"Sleeps 8, not enough beds for 13 or more",,
R111,Bure Croft,Who's coming,Just the two of us,-6,,,
R112,Bure Croft,Who's coming,Just me,-4,,,
R113,Bure Croft,Who's coming,Family with children,+2,A garden for the children,,
R114,Bure Croft,Who's coming,A group of friends,+3,Pubs and restaurants a short walk away,,
R115,Bure Croft,Who's coming,A big get-together,+6,Room for a big get-together,,
R116,Bure Croft,Must have,The dog comes too,+10,Dogs welcome,,
R117,Bure Croft,Must have,A mooring for our boat,+10,A mooring at the property,,
R118,Bure Croft,Must have,Everything on one level,+10,Everything on one level,,
R119,Bure Croft,Must have,A hot tub,-2,,,
R120,Bure Croft,Must have,A river view,+4,Right by the water,,
R121,Bure Croft,Your time,Out on the water,+6,Moor your boat at the bottom of the garden,,
R122,Bure Croft,Your time,Fishing,+8,Fishing from the garden or close by,,
R123,Bure Croft,Your time,Fishing,+3,Right on the water,,
R124,Bure Croft,Your time,Walking and wildlife,+2,A garden to come back to,,
R125,Bure Croft,Your time,Walking and wildlife,+2,Dogs welcome on the walks,,
R126,Bure Croft,Your time,"Pubs, villages and days out",+6,In the heart of the village,,
R127,Bure Croft,Your time,"Pubs, villages and days out",+3,Wroxham's shops and boatyards close by,,
R128,Bure Croft,Your time,Doing very little,+5,Sit by the water and watch the boats go by,,
R129,Bure Croft,Your time,Doing very little,+3,A garden to yourselves,,
R130,Bure Croft,Your time,Doing very little,-2,,,
R131,Bure Croft,Where,Wroxham and Hoveton,+8,"In Wroxham, where you asked",,
R132,Bure Croft,Where,Horning,-5,,,
R133,Bure Croft,Where,Potter Heigham and the Thurne,-5,,,
R134,Bure Croft,Where,"Reedham, Brundall and the Yare",-5,,,
R135,Bure Croft,Where,Somewhere quiet and rural,-5,,,
R136,Bureville,How many,3 or 4,-12,,,
R137,Bureville,How many,5 or 6,-5,,,
R138,Bureville,How many,7 or 8,+2,"Sleeps 10, with a bed or two spare",,
R139,Bureville,How many,9 to 12,+6,"Sleeps 10, the right size for your party",,
R140,Bureville,How many,13 or more,EXCLUDE,"Sleeps 10, not enough beds for 13 or more",,
R141,Bureville,Who's coming,Just the two of us,-6,,,
R142,Bureville,Who's coming,Just me,-4,,,
R143,Bureville,Who's coming,Family with children,+4,Set up for families,,
R144,Bureville,Who's coming,A big get-together,+6,Room for a big get-together,,
R145,Bureville,Must have,The dog comes too,+10,Dogs welcome,,
R146,Bureville,Must have,A mooring for our boat,+10,A mooring at the property,,
R147,Bureville,Must have,Everything on one level,+10,Everything on one level,,
R148,Bureville,Must have,A hot tub,-2,,,
R149,Bureville,Must have,A river view,+8,On the main river,,
R150,Bureville,Your time,Out on the water,+6,Moor your boat at the bottom of the garden,,
R151,Bureville,Your time,Out on the water,+3,Straight out onto the main river,,
R152,Bureville,Your time,Fishing,+3,Right on the water,,
R153,Bureville,Your time,Walking and wildlife,+2,Dogs welcome on the walks,,
R154,Bureville,Your time,"Pubs, villages and days out",+3,Horning's pubs and river frontage,,
R155,Bureville,Your time,"Pubs, villages and days out",+2,Parking at the property for days out,,
R156,Bureville,Your time,Doing very little,+5,Sit by the water and watch the boats go by,,
R157,Bureville,Where,Wroxham and Hoveton,-5,,,
R158,Bureville,Where,Horning,+8,"In Horning, where you asked",,
R159,Bureville,Where,Potter Heigham and the Thurne,-5,,,
R160,Bureville,Where,"Reedham, Brundall and the Yare",-5,,,
R161,Bureville,Where,Somewhere quiet and rural,-5,,,
R162,Buttercup Lodge,How many,3 or 4,+6,"Sleeps 4, the right size for your party",,
R163,Buttercup Lodge,How many,5 or 6,EXCLUDE,"Sleeps 4, not enough beds for 5 to 6",,
R164,Buttercup Lodge,How many,7 or 8,EXCLUDE,"Sleeps 4, not enough beds for 7 to 8",,
R165,Buttercup Lodge,How many,9 to 12,EXCLUDE,"Sleeps 4, not enough beds for 9 to 12",,
R166,Buttercup Lodge,How many,13 or more,EXCLUDE,"Sleeps 4, not enough beds for 13 or more",,
R167,Buttercup Lodge,Who's coming,Just the two of us,+4,A cottage sized for a couple,,
R168,Buttercup Lodge,Who's coming,Just me,+5,Small enough to feel like your own,,
R169,Buttercup Lodge,Who's coming,Family with children,+4,Set up for families,,
R170,Buttercup Lodge,Who's coming,A big get-together,-6,,,
R171,Buttercup Lodge,Must have,The dog comes too,+10,Dogs welcome,,
R172,Buttercup Lodge,Must have,A mooring for our boat,-8,,,
R173,Buttercup Lodge,Must have,Everything on one level,-8,,,
R174,Buttercup Lodge,Must have,A hot tub,-2,,,
R175,Buttercup Lodge,Must have,A river view,+4,Right by the water,,
R176,Buttercup Lodge,Your time,Out on the water,-4,,,
R177,Buttercup Lodge,Your time,Fishing,+8,Fishing from the garden or close by,,
R178,Buttercup Lodge,Your time,Fishing,+3,Right on the water,,
R179,Buttercup Lodge,Your time,Walking and wildlife,+2,Dogs welcome on the walks,,
R180,Buttercup Lodge,Your time,"Pubs, villages and days out",+3,Horning's pubs and river frontage,,
R181,Buttercup Lodge,Your time,"Pubs, villages and days out",+2,Parking at the property for days out,,
R182,Buttercup Lodge,Your time,Doing very little,+5,Sit by the water and watch the boats go by,,
R183,Buttercup Lodge,Where,Wroxham and Hoveton,-5,,,
R184,Buttercup Lodge,Where,Horning,+8,"In Horning, where you asked",,
R185,Buttercup Lodge,Where,Potter Heigham and the Thurne,-5,,,
R186,Buttercup Lodge,Where,"Reedham, Brundall and the Yare",-5,,,
R187,Buttercup Lodge,Where,Somewhere quiet and rural,-5,,,
R188,Cavell,How many,3 or 4,EXCLUDE,"Sleeps 2, not enough beds for 3 to 4",,
R189,Cavell,How many,5 or 6,EXCLUDE,"Sleeps 2, not enough beds for 5 to 6",,
R190,Cavell,How many,7 or 8,EXCLUDE,"Sleeps 2, not enough beds for 7 to 8",,
R191,Cavell,How many,9 to 12,EXCLUDE,"Sleeps 2, not enough beds for 9 to 12",,
R192,Cavell,How many,13 or more,EXCLUDE,"Sleeps 2, not enough beds for 13 or more",,
R193,Cavell,Who's coming,Just the two of us,+8,Made for two,,
R194,Cavell,Who's coming,Just me,+5,Small enough to feel like your own,,
R195,Cavell,Who's coming,Just me,+3,Cosy for one,,
R196,Cavell,Who's coming,Family with children,EXCLUDE,"Sleeps 2, not enough beds for a family",,
R197,Cavell,Who's coming,A group of friends,+3,Pubs and restaurants a short walk away,,
R198,Cavell,Who's coming,A group of friends,EXCLUDE,"Sleeps 2, not enough beds for a group of friends",,
R199,Cavell,Who's coming,A big get-together,-6,,,
R200,Cavell,Who's coming,A big get-together,EXCLUDE,"Sleeps 2, not enough beds for a big group",,
R201,Cavell,Must have,The dog comes too,+10,Dogs welcome,,
R202,Cavell,Must have,A mooring for our boat,-8,,,
R203,Cavell,Must have,Everything on one level,-8,,,
R204,Cavell,Must have,A hot tub,-2,,,
R205,Cavell,Must have,A river view,+4,Right by the water,,
R206,Cavell,Your time,Out on the water,-4,,,
R207,Cavell,Your time,Fishing,+3,Right on the water,,
R208,Cavell,Your time,Walking and wildlife,+2,Dogs welcome on the walks,,
R209,Cavell,Your time,"Pubs, villages and days out",+6,In the heart of the village,,
R210,Cavell,Your time,"Pubs, villages and days out",+3,Wroxham's shops and boatyards close by,,
R211,Cavell,Your time,"Pubs, villages and days out",+2,Parking at the property for days out,,
R212,Cavell,Your time,Doing very little,+5,Sit by the water and watch the boats go by,,
R213,Cavell,Your time,Doing very little,-2,,,
R214,Cavell,Where,Wroxham and Hoveton,+8,"In Wroxham, where you asked",,
R215,Cavell,Where,Horning,-5,,,
R216,Cavell,Where,Potter Heigham and the Thurne,-5,,,
R217,Cavell,Where,"Reedham, Brundall and the Yare",-5,,,
R218,Cavell,Where,Somewhere quiet and rural,-5,,,
R219,Coots,How many,3 or 4,+2,"Sleeps 6, with a bed or two spare",,
R220,Coots,How many,5 or 6,+6,"Sleeps 6, the right size for your party",,
R221,Coots,How many,7 or 8,EXCLUDE,"Sleeps 6, not enough beds for 7 to 8",,
R222,Coots,How many,9 to 12,EXCLUDE,"Sleeps 6, not enough beds for 9 to 12",,
R223,Coots,How many,13 or more,EXCLUDE,"Sleeps 6, not enough beds for 13 or more",,
R224,Coots,Who's coming,Just me,-4,,,
R225,Coots,Who's coming,A group of friends,+3,Pubs and restaurants a short walk away,,
R226,Coots,Must have,The dog comes too,+10,Dogs welcome,,
R227,Coots,Must have,A mooring for our boat,+10,A mooring at the property,,
R228,Coots,Must have,Everything on one level,+10,Everything on one level,,
R229,Coots,Must have,A hot tub,-2,,,
R230,Coots,Must have,A river view,+4,Right by the water,,
R231,Coots,Your time,Out on the water,+6,Moor your boat at the bottom of the garden,,
R232,Coots,Your time,Fishing,+3,Right on the water,,
R233,Coots,Your time,Walking and wildlife,+2,Dogs welcome on the walks,,
R234,Coots,Your time,"Pubs, villages and days out",+6,In the heart of the village,,
R235,Coots,Your time,"Pubs, villages and days out",+3,Wroxham's shops and boatyards close by,,
R236,Coots,Your time,Doing very little,+5,Sit by the water and watch the boats go by,,
R237,Coots,Your time,Doing very little,-2,,,
R238,Coots,Where,Wroxham and Hoveton,+8,"In Wroxham, where you asked",,
R239,Coots,Where,Horning,-5,,,
R240,Coots,Where,Potter Heigham and the Thurne,-5,,,
R241,Coots,Where,"Reedham, Brundall and the Yare",-5,,,
R242,Coots,Where,Somewhere quiet and rural,-5,,,
R243,Cresta Cottage,How many,3 or 4,-5,,,
R244,Cresta Cottage,How many,5 or 6,+2,"Sleeps 7, with a bed or two spare",,
R245,Cresta Cottage,How many,7 or 8,+6,"Sleeps 7, the right size for your party",,
R246,Cresta Cottage,How many,9 to 12,EXCLUDE,"Sleeps 7, not enough beds for 9 to 12",,
R247,Cresta Cottage,How many,13 or more,EXCLUDE,"Sleeps 7, not enough beds for 13 or more",,
R248,Cresta Cottage,Who's coming,Just me,-4,,,
R249,Cresta Cottage,Who's coming,Family with children,+4,Set up for families,,
R250,Cresta Cottage,Must have,The dog comes too,+10,Dogs welcome,,
R251,Cresta Cottage,Must have,A mooring for our boat,+10,A mooring at the property,,
R252,Cresta Cottage,Must have,Everything on one level,+10,Everything on one level,,
R253,Cresta Cottage,Must have,A hot tub,-2,,,
R254,Cresta Cottage,Must have,A river view,+8,On the main river,,
R255,Cresta Cottage,Your time,Out on the water,+6,Moor your boat at the bottom of the garden,,
R256,Cresta Cottage,Your time,Out on the water,+3,Straight out onto the main river,,
R257,Cresta Cottage,Your time,Fishing,+3,Right on the water,,
R258,Cresta Cottage,Your time,Walking and wildlife,+2,Dogs welcome on the walks,,
R259,Cresta Cottage,Your time,"Pubs, villages and days out",+3,Horning's pubs and river frontage,,
R260,Cresta Cottage,Your time,"Pubs, villages and days out",+2,Parking at the property for days out,,
R261,Cresta Cottage,Your time,Doing very little,+5,Sit by the water and watch the boats go by,,
R262,Cresta Cottage,Where,Wroxham and Hoveton,-5,,,
R263,Cresta Cottage,Where,Horning,+8,"In Horning, where you asked",,
R264,Cresta Cottage,Where,Potter Heigham and the Thurne,-5,,,
R265,Cresta Cottage,Where,"Reedham, Brundall and the Yare",-5,,,
R266,Cresta Cottage,Where,Somewhere quiet and rural,-5,,,
R267,Drakes Dyke,How many,3 or 4,+2,"Sleeps 6, with a bed or two spare",,
R268,Drakes Dyke,How many,5 or 6,+6,"Sleeps 6, the right size for your party",,
R269,Drakes Dyke,How many,7 or 8,EXCLUDE,"Sleeps 6, not enough beds for 7 to 8",,
R270,Drakes Dyke,How many,9 to 12,EXCLUDE,"Sleeps 6, not enough beds for 9 to 12",,
R271,Drakes Dyke,How many,13 or more,EXCLUDE,"Sleeps 6, not enough beds for 13 or more",,
R272,Drakes Dyke,Who's coming,Just me,-4,,,
R273,Drakes Dyke,Who's coming,Family with children,+2,A garden for the children,,
R274,Drakes Dyke,Must have,The dog comes too,+10,Dogs welcome,,
R275,Drakes Dyke,Must have,A mooring for our boat,+10,A mooring at the property,,
R276,Drakes Dyke,Must have,Everything on one level,-8,,,
R277,Drakes Dyke,Must have,A hot tub,-2,,,
R278,Drakes Dyke,Must have,A river view,+8,On the main river,,
R279,Drakes Dyke,Your time,Out on the water,+6,Moor your boat at the bottom of the garden,,
R280,Drakes Dyke,Your time,Out on the water,+3,Straight out onto the main river,,
R281,Drakes Dyke,Your time,Fishing,+8,Fishing from the garden or close by,,
R282,Drakes Dyke,Your time,Fishing,+3,Right on the water,,
R283,Drakes Dyke,Your time,Walking and wildlife,+2,A garden to come back to,,
R284,Drakes Dyke,Your time,Walking and wildlife,+2,Dogs welcome on the walks,,
R285,Drakes Dyke,Your time,"Pubs, villages and days out",+3,Wroxham's shops and boatyards close by,,
R286,Drakes Dyke,Your time,Doing very little,+5,Sit by the water and watch the boats go by,,
R287,Drakes Dyke,Your time,Doing very little,+3,A garden to yourselves,,
R288,Drakes Dyke,Where,Wroxham and Hoveton,+8,"In Wroxham, where you asked",,
R289,Drakes Dyke,Where,Horning,-5,,,
R290,Drakes Dyke,Where,Potter Heigham and the Thurne,-5,,,
R291,Drakes Dyke,Where,"Reedham, Brundall and the Yare",-5,,,
R292,Drakes Dyke,Where,Somewhere quiet and rural,-5,,,
R293,Dutch Cottage,How many,3 or 4,+2,"Sleeps 6, with a bed or two spare",,
R294,Dutch Cottage,How many,5 or 6,+6,"Sleeps 6, the right size for your party",,
R295,Dutch Cottage,How many,7 or 8,EXCLUDE,"Sleeps 6, not enough beds for 7 to 8",,
R296,Dutch Cottage,How many,9 to 12,EXCLUDE,"Sleeps 6, not enough beds for 9 to 12",,
R297,Dutch Cottage,How many,13 or more,EXCLUDE,"Sleeps 6, not enough beds for 13 or more",,
R298,Dutch Cottage,Who's coming,Just me,-4,,,
R299,Dutch Cottage,Who's coming,Family with children,+4,Set up for families,,
R300,Dutch Cottage,Who's coming,Family with children,+2,A garden for the children,,
R301,Dutch Cottage,Who's coming,A group of friends,+3,Pubs and restaurants a short walk away,,
R302,Dutch Cottage,Must have,The dog comes too,EXCLUDE,Doesn't take pets,,
R303,Dutch Cottage,Must have,A mooring for our boat,+10,A mooring at the property,,
R304,Dutch Cottage,Must have,Everything on one level,+10,Everything on one level,,
R305,Dutch Cottage,Must have,A hot tub,-2,,,
R306,Dutch Cottage,Must have,A river view,+4,Right by the water,,
R307,Dutch Cottage,Your time,Out on the water,+6,Moor your boat at the bottom of the garden,,
R308,Dutch Cottage,Your time,Fishing,+3,Right on the water,,
R309,Dutch Cottage,Your time,Walking and wildlife,+2,A garden to come back to,,
R310,Dutch Cottage,Your time,"Pubs, villages and days out",+6,In the heart of the village,,
R311,Dutch Cottage,Your time,"Pubs, villages and days out",+3,Horning's pubs and river frontage,,
R312,Dutch Cottage,Your time,"Pubs, villages and days out",+2,Parking at the property for days out,,
R313,Dutch Cottage,Your time,Doing very little,+5,Sit by the water and watch the boats go by,,
R314,Dutch Cottage,Your time,Doing very little,+3,A garden to yourselves,,
R315,Dutch Cottage,Your time,Doing very little,-2,,,
R316,Dutch Cottage,Where,Wroxham and Hoveton,-5,,,
R317,Dutch Cottage,Where,Horning,+8,"In Horning, where you asked",,
R318,Dutch Cottage,Where,Potter Heigham and the Thurne,-5,,,
R319,Dutch Cottage,Where,"Reedham, Brundall and the Yare",-5,,,
R320,Dutch Cottage,Where,Somewhere quiet and rural,-5,,,
R321,Dydle Down,How many,3 or 4,+6,"Sleeps 4, the right size for your party",,
R322,Dydle Down,How many,5 or 6,EXCLUDE,"Sleeps 4, not enough beds for 5 to 6",,
R323,Dydle Down,How many,7 or 8,EXCLUDE,"Sleeps 4, not enough beds for 7 to 8",,
R324,Dydle Down,How many,9 to 12,EXCLUDE,"Sleeps 4, not enough beds for 9 to 12",,
R325,Dydle Down,How many,13 or more,EXCLUDE,"Sleeps 4, not enough beds for 13 or more",,
R326,Dydle Down,Who's coming,Just the two of us,+4,A cottage sized for a couple,,
R327,Dydle Down,Who's coming,Just me,+5,Small enough to feel like your own,,
R328,Dydle Down,Who's coming,Family with children,+2,A garden for the children,,
R329,Dydle Down,Who's coming,A big get-together,-6,,,
R330,Dydle Down,Must have,The dog comes too,EXCLUDE,Doesn't take pets,,
R331,Dydle Down,Must have,A mooring for our boat,+10,A mooring at the property,,
R332,Dydle Down,Must have,Everything on one level,+10,Everything on one level,,
R333,Dydle Down,Must have,A hot tub,-2,,,
R334,Dydle Down,Must have,A river view,+8,On the main river,,
R335,Dydle Down,Your time,Out on the water,+6,Moor your boat at the bottom of the garden,,
R336,Dydle Down,Your time,Out on the water,+3,Straight out onto the main river,,
R337,Dydle Down,Your time,Fishing,+8,Fishing from the garden or close by,,
R338,Dydle Down,Your time,Fishing,+3,Right on the water,,
R339,Dydle Down,Your time,Walking and wildlife,+6,"Quiet, with walks from the door",,
R340,Dydle Down,Your time,Walking and wildlife,+2,A garden to come back to,,
R341,Dydle Down,Your time,Doing very little,+5,Sit by the water and watch the boats go by,,
R342,Dydle Down,Your time,Doing very little,+3,A garden to yourselves,,
R343,Dydle Down,Where,Wroxham and Hoveton,-5,,,
R344,Dydle Down,Where,Horning,-5,,,
R345,Dydle Down,Where,Potter Heigham and the Thurne,+8,"In Potter Heigham and the Thurne, where you asked",,
R346,Dydle Down,Where,"Reedham, Brundall and the Yare",-5,,,
R347,Dydle Down,Where,Somewhere quiet and rural,-5,,,
R348,Fennel,How many,3 or 4,+6,"Sleeps 4, the right size for your party",,
R349,Fennel,How many,5 or 6,EXCLUDE,"Sleeps 4, not enough beds for 5 to 6",,
R350,Fennel,How many,7 or 8,EXCLUDE,"Sleeps 4, not enough beds for 7 to 8",,
R351,Fennel,How many,9 to 12,EXCLUDE,"Sleeps 4, not enough beds for 9 to 12",,
R352,Fennel,How many,13 or more,EXCLUDE,"Sleeps 4, not enough beds for 13 or more",,
R353,Fennel,Who's coming,Just the two of us,+4,A cottage sized for a couple,,
R354,Fennel,Who's coming,Just me,+5,Small enough to feel like your own,,
R355,Fennel,Who's coming,Family with children,+4,Set up for families,,
R356,Fennel,Who's coming,A big get-together,-6,,,
R357,Fennel,Must have,The dog comes too,+10,Dogs welcome,,
R358,Fennel,Must have,A mooring for our boat,-8,,,
R359,Fennel,Must have,Everything on one level,-8,,,
R360,Fennel,Must have,A hot tub,-2,,,
R361,Fennel,Must have,A river view,+4,Right by the water,,
R362,Fennel,Your time,Out on the water,-4,,,
R363,Fennel,Your time,Fishing,+8,Fishing from the garden or close by,,
R364,Fennel,Your time,Fishing,+3,Right on the water,,
R365,Fennel,Your time,Walking and wildlife,+6,"Quiet, with walks from the door",,
R366,Fennel,Your time,Walking and wildlife,+2,Dogs welcome on the walks,,
R367,Fennel,Your time,"Pubs, villages and days out",+2,Parking at the property for days out,,
R368,Fennel,Your time,Doing very little,+5,Sit by the water and watch the boats go by,,
R369,Fennel,Where,Wroxham and Hoveton,-5,,,
R370,Fennel,Where,Horning,-5,,,
R371,Fennel,Where,Potter Heigham and the Thurne,+8,"In Potter Heigham and the Thurne, where you asked",,
R372,Fennel,Where,"Reedham, Brundall and the Yare",-5,,,
R373,Fennel,Where,Somewhere quiet and rural,+8,"In the quieter villages, where you asked",,
R374,Ferry View,How many,3 or 4,-12,,,
R375,Ferry View,How many,5 or 6,-5,,,
R376,Ferry View,How many,7 or 8,+2,"Sleeps 10, with a bed or two spare",,
R377,Ferry View,How many,9 to 12,+6,"Sleeps 10, the right size for your party",,
R378,Ferry View,How many,13 or more,EXCLUDE,"Sleeps 10, not enough beds for 13 or more",,
R379,Ferry View,Who's coming,Just the two of us,-6,,,
R380,Ferry View,Who's coming,Just me,-4,,,
R381,Ferry View,Who's coming,Family with children,+4,Set up for families,,
R382,Ferry View,Who's coming,Family with children,+2,A garden for the children,,
R383,Ferry View,Who's coming,A big get-together,+6,Room for a big get-together,,
R384,Ferry View,Must have,The dog comes too,+10,Dogs welcome,,
R385,Ferry View,Must have,A mooring for our boat,+10,A mooring at the property,,
R386,Ferry View,Must have,Everything on one level,-8,,,
R387,Ferry View,Must have,A hot tub,-2,,,
R388,Ferry View,Must have,A river view,+8,On the main river,,
R389,Ferry View,Your time,Out on the water,+6,Moor your boat at the bottom of the garden,,
R390,Ferry View,Your time,Out on the water,+3,Straight out onto the main river,,
R391,Ferry View,Your time,Fishing,+8,Fishing from the garden or close by,,
R392,Ferry View,Your time,Fishing,+3,Right on the water,,
R393,Ferry View,Your time,Walking and wildlife,+2,A garden to come back to,,
R394,Ferry View,Your time,Walking and wildlife,+2,Dogs welcome on the walks,,
R395,Ferry View,Your time,"Pubs, villages and days out",+3,Horning's pubs and river frontage,,
R396,Ferry View,Your time,"Pubs, villages and days out",+2,Parking at the property for days out,,
R397,Ferry View,Your time,Doing very little,+5,Sit by the water and watch the boats go by,,
R398,Ferry View,Your time,Doing very little,+3,A garden to yourselves,,
R399,Ferry View,Where,Wroxham and Hoveton,-5,,,
R400,Ferry View,Where,Horning,+8,"In Horning, where you asked",,
R401,Ferry View,Where,Potter Heigham and the Thurne,-5,,,
R402,Ferry View,Where,"Reedham, Brundall and the Yare",-5,,,
R403,Ferry View,Where,Somewhere quiet and rural,-5,,,
R404,Ferryman Cottage,How many,3 or 4,+2,"Sleeps 6, with a bed or two spare",,
R405,Ferryman Cottage,How many,5 or 6,+6,"Sleeps 6, the right size for your party",,
R406,Ferryman Cottage,How many,7 or 8,EXCLUDE,"Sleeps 6, not enough beds for 7 to 8",,
R407,Ferryman Cottage,How many,9 to 12,EXCLUDE,"Sleeps 6, not enough beds for 9 to 12",,
R408,Ferryman Cottage,How many,13 or more,EXCLUDE,"Sleeps 6, not enough beds for 13 or more",,
R409,Ferryman Cottage,Who's coming,Just me,-4,,,
R410,Ferryman Cottage,Who's coming,Family with children,+4,Set up for families,,
R411,Ferryman Cottage,Who's coming,Family with children,+2,A garden for the children,,
R412,Ferryman Cottage,Must have,The dog comes too,EXCLUDE,Doesn't take pets,,
R413,Ferryman Cottage,Must have,A mooring for our boat,+10,A mooring at the property,,
R414,Ferryman Cottage,Must have,Everything on one level,+10,Everything on one level,,
R415,Ferryman Cottage,Must have,A hot tub,-2,,,
R416,Ferryman Cottage,Must have,A river view,+8,On the main river,,
R417,Ferryman Cottage,Your time,Out on the water,+6,Moor your boat at the bottom of the garden,,
R418,Ferryman Cottage,Your time,Out on the water,+3,Straight out onto the main river,,
R419,Ferryman Cottage,Your time,Fishing,+8,Fishing from the garden or close by,,
R420,Ferryman Cottage,Your time,Fishing,+3,Right on the water,,
R421,Ferryman Cottage,Your time,Walking and wildlife,+2,A garden to come back to,,
R422,Ferryman Cottage,Your time,"Pubs, villages and days out",+3,Horning's pubs and river frontage,,
R423,Ferryman Cottage,Your time,"Pubs, villages and days out",+2,Parking at the property for days out,,
R424,Ferryman Cottage,Your time,Doing very little,+5,Sit by the water and watch the boats go by,,
R425,Ferryman Cottage,Your time,Doing very little,+3,A garden to yourselves,,
R426,Ferryman Cottage,Where,Wroxham and Hoveton,-5,,,
R427,Ferryman Cottage,Where,Horning,+8,"In Horning, where you asked",,
R428,Ferryman Cottage,Where,Potter Heigham and the Thurne,-5,,,
R429,Ferryman Cottage,Where,"Reedham, Brundall and the Yare",-5,,,
R430,Ferryman Cottage,Where,Somewhere quiet and rural,-5,,,
R431,Heron Cottage,How many,3 or 4,+2,"Sleeps 6, with a bed or two spare",,
R432,Heron Cottage,How many,5 or 6,+6,"Sleeps 6, the right size for your party",,
R433,Heron Cottage,How many,7 or 8,EXCLUDE,"Sleeps 6, not enough beds for 7 to 8",,
R434,Heron Cottage,How many,9 to 12,EXCLUDE,"Sleeps 6, not enough beds for 9 to 12",,
R435,Heron Cottage,How many,13 or more,EXCLUDE,"Sleeps 6, not enough beds for 13 or more",,
R436,Heron Cottage,Who's coming,Just me,-4,,,
R437,Heron Cottage,Who's coming,Family with children,+2,A garden for the children,,
R438,Heron Cottage,Who's coming,A group of friends,+3,Pubs and restaurants a short walk away,,
R439,Heron Cottage,Must have,The dog comes too,EXCLUDE,Doesn't take pets,,
R440,Heron Cottage,Must have,A mooring for our boat,+10,A mooring at the property,,
R441,Heron Cottage,Must have,Everything on one level,+10,Everything on one level,,
R442,Heron Cottage,Must have,A hot tub,-2,,,
R443,Heron Cottage,Must have,A river view,+4,Right by the water,,
R444,Heron Cottage,Your time,Out on the water,+8,A day boat comes with the cottage,,
R445,Heron Cottage,Your time,Out on the water,+6,Moor your boat at the bottom of the garden,,
R446,Heron Cottage,Your time,Fishing,+8,Fishing from the garden or close by,,
R447,Heron Cottage,Your time,Fishing,+3,Right on the water,,
R448,Heron Cottage,Your time,Walking and wildlife,+2,A garden to come back to,,
R449,Heron Cottage,Your time,"Pubs, villages and days out",+6,In the heart of the village,,
R450,Heron Cottage,Your time,"Pubs, villages and days out",+3,Horning's pubs and river frontage,,
R451,Heron Cottage,Your time,"Pubs, villages and days out",+2,Parking at the property for days out,,
R452,Heron Cottage,Your time,Doing very little,+5,Sit by the water and watch the boats go by,,
R453,Heron Cottage,Your time,Doing very little,+3,A garden to yourselves,,
R454,Heron Cottage,Your time,Doing very little,-2,,,
R455,Heron Cottage,Where,Wroxham and Hoveton,-5,,,
R456,Heron Cottage,Where,Horning,+8,"In Horning, where you asked",,
R457,Heron Cottage,Where,Potter Heigham and the Thurne,-5,,,
R458,Heron Cottage,Where,"Reedham, Brundall and the Yare",-5,,,
R459,Heron Cottage,Where,Somewhere quiet and rural,-5,,,
R460,High Meadow,How many,3 or 4,-12,,,
R461,High Meadow,How many,5 or 6,+2,"Sleeps 8, with a bed or two spare",,
R462,High Meadow,How many,7 or 8,+6,"Sleeps 8, the right size for your party",,
R463,High Meadow,How many,9 to 12,EXCLUDE,"Sleeps 8, not enough beds for 9 to 12",,
R464,High Meadow,How many,13 or more,EXCLUDE,"Sleeps 8, not enough beds for 13 or more",,
R465,High Meadow,Who's coming,Just the two of us,-6,,,
R466,High Meadow,Who's coming,Just me,-4,,,
R467,High Meadow,Who's coming,Family with children,+4,Set up for families,,
R468,High Meadow,Who's coming,Family with children,+2,A garden for the children,,
R469,High Meadow,Who's coming,A big get-together,+6,Room for a big get-together,,
R470,High Meadow,Must have,The dog comes too,EXCLUDE,Doesn't take pets,,
R471,High Meadow,Must have,A mooring for our boat,+10,A mooring at the property,,
R472,High Meadow,Must have,Everything on one level,-8,,,
R473,High Meadow,Must have,A hot tub,-2,,,
R474,High Meadow,Must have,A river view,+8,On the main river,,
R475,High Meadow,Your time,Out on the water,+6,Moor your boat at the bottom of the garden,,
R476,High Meadow,Your time,Out on the water,+3,Straight out onto the main river,,
R477,High Meadow,Your time,Fishing,+8,Fishing from the garden or close by,,
R478,High Meadow,Your time,Fishing,+3,Right on the water,,
R479,High Meadow,Your time,Walking and wildlife,+6,"Quiet, with walks from the door",,
R480,High Meadow,Your time,Walking and wildlife,+2,A garden to come back to,,
R481,High Meadow,Your time,"Pubs, villages and days out",+2,Parking at the property for days out,,
R482,High Meadow,Your time,Doing very little,+5,Sit by the water and watch the boats go by,,
R483,High Meadow,Your time,Doing very little,+3,A garden to yourselves,,
R484,High Meadow,Where,Wroxham and Hoveton,+8,"In Wroxham, where you asked",,
R485,High Meadow,Where,Horning,-5,,,
R486,High Meadow,Where,Potter Heigham and the Thurne,-5,,,
R487,High Meadow,Where,"Reedham, Brundall and the Yare",-5,,,
R488,High Meadow,Where,Somewhere quiet and rural,+8,"In the quieter villages, where you asked",,
R489,Holkham Cottage,How many,3 or 4,+6,"Sleeps 4, the right size for your party",,
R490,Holkham Cottage,How many,5 or 6,EXCLUDE,"Sleeps 4, not enough beds for 5 to 6",,
R491,Holkham Cottage,How many,7 or 8,EXCLUDE,"Sleeps 4, not enough beds for 7 to 8",,
R492,Holkham Cottage,How many,9 to 12,EXCLUDE,"Sleeps 4, not enough beds for 9 to 12",,
R493,Holkham Cottage,How many,13 or more,EXCLUDE,"Sleeps 4, not enough beds for 13 or more",,
R494,Holkham Cottage,Who's coming,Just the two of us,+4,A cottage sized for a couple,,
R495,Holkham Cottage,Who's coming,Just me,+5,Small enough to feel like your own,,
R496,Holkham Cottage,Who's coming,A group of friends,+3,Pubs and restaurants a short walk away,,
R497,Holkham Cottage,Who's coming,A big get-together,-6,,,
R498,Holkham Cottage,Must have,The dog comes too,+10,Dogs welcome,,
R499,Holkham Cottage,Must have,A mooring for our boat,+10,A mooring at the property,,
R500,Holkham Cottage,Must have,Everything on one level,-8,,,
R501,Holkham Cottage,Must have,A hot tub,-2,,,
R502,Holkham Cottage,Must have,A river view,+8,On the main river,,
R503,Holkham Cottage,Your time,Out on the water,+6,Moor your boat at the bottom of the garden,,
R504,Holkham Cottage,Your time,Out on the water,+3,Straight out onto the main river,,
R505,Holkham Cottage,Your time,Fishing,+8,Fishing from the garden or close by,,
R506,Holkham Cottage,Your time,Fishing,+3,Right on the water,,
R507,Holkham Cottage,Your time,Walking and wildlife,+2,Dogs welcome on the walks,,
R508,Holkham Cottage,Your time,"Pubs, villages and days out",+6,In the heart of the village,,
R509,Holkham Cottage,Your time,"Pubs, villages and days out",+3,Wroxham's shops and boatyards close by,,
R510,Holkham Cottage,Your time,"Pubs, villages and days out",+2,Parking at the property for days out,,
R511,Holkham Cottage,Your time,Doing very little,+5,Sit by the water and watch the boats go by,,
R512,Holkham Cottage,Your time,Doing very little,-2,,,
R513,Holkham Cottage,Where,Wroxham and Hoveton,+8,"In Wroxham, where you asked",,
R514,Holkham Cottage,Where,Horning,-5,,,
R515,Holkham Cottage,Where,Potter Heigham and the Thurne,-5,,,
R516,Holkham Cottage,Where,"Reedham, Brundall and the Yare",-5,,,
R517,Holkham Cottage,Where,Somewhere quiet and rural,-5,,,
R518,Kingfisher Lodge,How many,3 or 4,+2,"Sleeps 6, with a bed or two spare",,
R519,Kingfisher Lodge,How many,5 or 6,+6,"Sleeps 6, the right size for your party",,
R520,Kingfisher Lodge,How many,7 or 8,EXCLUDE,"Sleeps 6, not enough beds for 7 to 8",,
R521,Kingfisher Lodge,How many,9 to 12,EXCLUDE,"Sleeps 6, not enough beds for 9 to 12",,
R522,Kingfisher Lodge,How many,13 or more,EXCLUDE,"Sleeps 6, not enough beds for 13 or more",,
R523,Kingfisher Lodge,Who's coming,Just me,-4,,,
R524,Kingfisher Lodge,Who's coming,Family with children,+4,Set up for families,,
R525,Kingfisher Lodge,Who's coming,Family with children,+2,A garden for the children,,
R526,Kingfisher Lodge,Who's coming,A group of friends,+3,Pubs and restaurants a short walk away,,
R527,Kingfisher Lodge,Must have,The dog comes too,+10,Dogs welcome,,
R528,Kingfisher Lodge,Must have,A mooring for our boat,+10,A mooring at the property,,
R529,Kingfisher Lodge,Must have,Everything on one level,+10,Everything on one level,,
R530,Kingfisher Lodge,Must have,A hot tub,-2,,,
R531,Kingfisher Lodge,Must have,A river view,+4,Right by the water,,
R532,Kingfisher Lodge,Your time,Out on the water,+6,Moor your boat at the bottom of the garden,,
R533,Kingfisher Lodge,Your time,Fishing,+8,Fishing from the garden or close by,,
R534,Kingfisher Lodge,Your time,Fishing,+3,Right on the water,,
R535,Kingfisher Lodge,Your time,Walking and wildlife,+2,A garden to come back to,,
R536,Kingfisher Lodge,Your time,Walking and wildlife,+2,Dogs welcome on the walks,,
R537,Kingfisher Lodge,Your time,"Pubs, villages and days out",+6,In the heart of the village,,
R538,Kingfisher Lodge,Your time,"Pubs, villages and days out",+3,Wroxham's shops and boatyards close by,,
R539,Kingfisher Lodge,Your time,Doing very little,+5,Sit by the water and watch the boats go by,,
R540,Kingfisher Lodge,Your time,Doing very little,+3,A garden to yourselves,,
R541,Kingfisher Lodge,Your time,Doing very little,-2,,,
R542,Kingfisher Lodge,Where,Wroxham and Hoveton,+8,"In Wroxham, where you asked",,
R543,Kingfisher Lodge,Where,Horning,-5,,,
R544,Kingfisher Lodge,Where,Potter Heigham and the Thurne,-5,,,
R545,Kingfisher Lodge,Where,"Reedham, Brundall and the Yare",-5,,,
R546,Kingfisher Lodge,Where,Somewhere quiet and rural,-5,,,
R547,Marchesi,How many,3 or 4,+6,"Sleeps 4, the right size for your party",,
R548,Marchesi,How many,5 or 6,EXCLUDE,"Sleeps 4, not enough beds for 5 to 6",,
R549,Marchesi,How many,7 or 8,EXCLUDE,"Sleeps 4, not enough beds for 7 to 8",,
R550,Marchesi,How many,9 to 12,EXCLUDE,"Sleeps 4, not enough beds for 9 to 12",,
R551,Marchesi,How many,13 or more,EXCLUDE,"Sleeps 4, not enough beds for 13 or more",,
R552,Marchesi,Who's coming,Just the two of us,+4,A cottage sized for a couple,,
R553,Marchesi,Who's coming,Just me,+5,Small enough to feel like your own,,
R554,Marchesi,Who's coming,Family with children,+4,Set up for families,,
R555,Marchesi,Who's coming,Family with children,+2,A garden for the children,,
R556,Marchesi,Who's coming,A group of friends,+3,Pubs and restaurants a short walk away,,
R557,Marchesi,Who's coming,A big get-together,-6,,,
R558,Marchesi,Must have,The dog comes too,EXCLUDE,Doesn't take pets,,
R559,Marchesi,Must have,A mooring for our boat,+10,A mooring at the property,,
R560,Marchesi,Must have,Everything on one level,-8,,,
R561,Marchesi,Must have,A hot tub,-2,,,
R562,Marchesi,Must have,A river view,+8,On the main river,,
R563,Marchesi,Your time,Out on the water,+6,Moor your boat at the bottom of the garden,,
R564,Marchesi,Your time,Out on the water,+3,Straight out onto the main river,,
R565,Marchesi,Your time,Fishing,+3,Right on the water,,
R566,Marchesi,Your time,Walking and wildlife,+2,A garden to come back to,,
R567,Marchesi,Your time,"Pubs, villages and days out",+6,In the heart of the village,,
R568,Marchesi,Your time,"Pubs, villages and days out",+3,Wroxham's shops and boatyards close by,,
R569,Marchesi,Your time,"Pubs, villages and days out",+2,Parking at the property for days out,,
R570,Marchesi,Your time,Doing very little,+5,Sit by the water and watch the boats go by,,
R571,Marchesi,Your time,Doing very little,+3,A garden to yourselves,,
R572,Marchesi,Your time,Doing very little,-2,,,
R573,Marchesi,Where,Wroxham and Hoveton,+8,"In Wroxham, where you asked",,
R574,Marchesi,Where,Horning,-5,,,
R575,Marchesi,Where,Potter Heigham and the Thurne,-5,,,
R576,Marchesi,Where,"Reedham, Brundall and the Yare",-5,,,
R577,Marchesi,Where,Somewhere quiet and rural,-5,,,
R578,Margherita,How many,3 or 4,+6,"Sleeps 4, the right size for your party",,
R579,Margherita,How many,5 or 6,EXCLUDE,"Sleeps 4, not enough beds for 5 to 6",,
R580,Margherita,How many,7 or 8,EXCLUDE,"Sleeps 4, not enough beds for 7 to 8",,
R581,Margherita,How many,9 to 12,EXCLUDE,"Sleeps 4, not enough beds for 9 to 12",,
R582,Margherita,How many,13 or more,EXCLUDE,"Sleeps 4, not enough beds for 13 or more",,
R583,Margherita,Who's coming,Just the two of us,+4,A cottage sized for a couple,,
R584,Margherita,Who's coming,Just me,+5,Small enough to feel like your own,,
R585,Margherita,Who's coming,Family with children,+4,Set up for families,,
R586,Margherita,Who's coming,Family with children,+2,A garden for the children,,
R587,Margherita,Who's coming,A group of friends,+3,Pubs and restaurants a short walk away,,
R588,Margherita,Who's coming,A big get-together,-6,,,
R589,Margherita,Must have,The dog comes too,EXCLUDE,Doesn't take pets,,
R590,Margherita,Must have,A mooring for our boat,+10,A mooring at the property,,
R591,Margherita,Must have,Everything on one level,-8,,,
R592,Margherita,Must have,A hot tub,-2,,,
R593,Margherita,Must have,A river view,+4,Right by the water,,
R594,Margherita,Your time,Out on the water,+6,Moor your boat at the bottom of the garden,,
R595,Margherita,Your time,Fishing,+8,Fishing from the garden or close by,,
R596,Margherita,Your time,Fishing,+3,Right on the water,,
R597,Margherita,Your time,Walking and wildlife,+2,A garden to come back to,,
R598,Margherita,Your time,"Pubs, villages and days out",+6,In the heart of the village,,
R599,Margherita,Your time,"Pubs, villages and days out",+3,Wroxham's shops and boatyards close by,,
R600,Margherita,Your time,"Pubs, villages and days out",+2,Parking at the property for days out,,
R601,Margherita,Your time,Doing very little,+5,Sit by the water and watch the boats go by,,
R602,Margherita,Your time,Doing very little,+3,A garden to yourselves,,
R603,Margherita,Your time,Doing very little,-2,,,
R604,Margherita,Where,Wroxham and Hoveton,+8,"In Wroxham, where you asked",,
R605,Margherita,Where,Horning,-5,,,
R606,Margherita,Where,Potter Heigham and the Thurne,-5,,,
R607,Margherita,Where,"Reedham, Brundall and the Yare",-5,,,
R608,Margherita,Where,Somewhere quiet and rural,-5,,,
R609,Martham Mill,How many,3 or 4,+6,"Sleeps 4, the right size for your party",,
R610,Martham Mill,How many,5 or 6,EXCLUDE,"Sleeps 4, not enough beds for 5 to 6",,
R611,Martham Mill,How many,7 or 8,EXCLUDE,"Sleeps 4, not enough beds for 7 to 8",,
R612,Martham Mill,How many,9 to 12,EXCLUDE,"Sleeps 4, not enough beds for 9 to 12",,
R613,Martham Mill,How many,13 or more,EXCLUDE,"Sleeps 4, not enough beds for 13 or more",,
R614,Martham Mill,Who's coming,Just the two of us,+4,A cottage sized for a couple,,
R615,Martham Mill,Who's coming,Just me,+5,Small enough to feel like your own,,
R616,Martham Mill,Who's coming,A big get-together,-6,,,
R617,Martham Mill,Must have,The dog comes too,+10,Dogs welcome,,
R618,Martham Mill,Must have,A mooring for our boat,+10,A mooring at the property,,
R619,Martham Mill,Must have,Everything on one level,-8,,,
R620,Martham Mill,Must have,A hot tub,-2,,,
R621,Martham Mill,Must have,A river view,+8,On the main river,,
R622,Martham Mill,Your time,Out on the water,+8,A day boat comes with the cottage,,
R623,Martham Mill,Your time,Out on the water,+6,Moor your boat at the bottom of the garden,,
R624,Martham Mill,Your time,Out on the water,+3,Straight out onto the main river,,
R625,Martham Mill,Your time,Fishing,+8,Fishing from the garden or close by,,
R626,Martham Mill,Your time,Fishing,+3,Right on the water,,
R627,Martham Mill,Your time,Walking and wildlife,+6,"Quiet, with walks from the door",,
R628,Martham Mill,Your time,Walking and wildlife,+2,Dogs welcome on the walks,,
R629,Martham Mill,Your time,Doing very little,+5,Sit by the water and watch the boats go by,,
R630,Martham Mill,Where,Wroxham and Hoveton,-5,,,
R631,Martham Mill,Where,Horning,-5,,,
R632,Martham Mill,Where,Potter Heigham and the Thurne,+8,"In Potter Heigham and the Thurne, where you asked",,
R633,Martham Mill,Where,"Reedham, Brundall and the Yare",-5,,,
R634,Martham Mill,Where,Somewhere quiet and rural,+8,"In the quieter villages, where you asked",,
R635,Melrose,How many,3 or 4,+2,"Sleeps 6, with a bed or two spare",,
R636,Melrose,How many,5 or 6,+6,"Sleeps 6, the right size for your party",,
R637,Melrose,How many,7 or 8,EXCLUDE,"Sleeps 6, not enough beds for 7 to 8",,
R638,Melrose,How many,9 to 12,EXCLUDE,"Sleeps 6, not enough beds for 9 to 12",,
R639,Melrose,How many,13 or more,EXCLUDE,"Sleeps 6, not enough beds for 13 or more",,
R640,Melrose,Who's coming,Just me,-4,,,
R641,Melrose,Who's coming,Family with children,+4,Set up for families,,
R642,Melrose,Who's coming,Family with children,+2,A garden for the children,,
R643,Melrose,Must have,The dog comes too,+10,Dogs welcome,,
R644,Melrose,Must have,A mooring for our boat,+10,A mooring at the property,,
R645,Melrose,Must have,Everything on one level,+10,Everything on one level,,
R646,Melrose,Must have,A hot tub,-2,,,
R647,Melrose,Must have,A river view,+8,On the main river,,
R648,Melrose,Your time,Out on the water,+6,Moor your boat at the bottom of the garden,,
R649,Melrose,Your time,Out on the water,+3,Straight out onto the main river,,
R650,Melrose,Your time,Fishing,+8,Fishing from the garden or close by,,
R651,Melrose,Your time,Fishing,+3,Right on the water,,
R652,Melrose,Your time,Walking and wildlife,+6,"Quiet, with walks from the door",,
R653,Melrose,Your time,Walking and wildlife,+2,A garden to come back to,,
R654,Melrose,Your time,Walking and wildlife,+2,Dogs welcome on the walks,,
R655,Melrose,Your time,"Pubs, villages and days out",+2,Parking at the property for days out,,
R656,Melrose,Your time,Doing very little,+5,Sit by the water and watch the boats go by,,
R657,Melrose,Your time,Doing very little,+3,A garden to yourselves,,
R658,Melrose,Where,Wroxham and Hoveton,-5,,,
R659,Melrose,Where,Horning,-5,,,
R660,Melrose,Where,Potter Heigham and the Thurne,+8,"In Potter Heigham and the Thurne, where you asked",,
R661,Melrose,Where,"Reedham, Brundall and the Yare",-5,,,
R662,Melrose,Where,Somewhere quiet and rural,-5,,,
R663,Moon River Cottage,How many,3 or 4,+6,"Sleeps 4, the right size for your party",,
R664,Moon River Cottage,How many,5 or 6,EXCLUDE,"Sleeps 4, not enough beds for 5 to 6",,
R665,Moon River Cottage,How many,7 or 8,EXCLUDE,"Sleeps 4, not enough beds for 7 to 8",,
R666,Moon River Cottage,How many,9 to 12,EXCLUDE,"Sleeps 4, not enough beds for 9 to 12",,
R667,Moon River Cottage,How many,13 or more,EXCLUDE,"Sleeps 4, not enough beds for 13 or more",,
R668,Moon River Cottage,Who's coming,Just the two of us,+4,A cottage sized for a couple,,
R669,Moon River Cottage,Who's coming,Just me,+5,Small enough to feel like your own,,
R670,Moon River Cottage,Who's coming,Family with children,+2,A garden for the children,,
R671,Moon River Cottage,Who's coming,A big get-together,-6,,,
R672,Moon River Cottage,Must have,The dog comes too,+10,Dogs welcome,,
R673,Moon River Cottage,Must have,A mooring for our boat,+10,A mooring at the property,,
R674,Moon River Cottage,Must have,Everything on one level,+10,Everything on one level,,
R675,Moon River Cottage,Must have,A hot tub,-2,,,
R676,Moon River Cottage,Must have,A river view,+8,On the main river,,
R677,Moon River Cottage,Your time,Out on the water,+6,Moor your boat at the bottom of the garden,,
R678,Moon River Cottage,Your time,Out on the water,+3,Straight out onto the main river,,
R679,Moon River Cottage,Your time,Fishing,+8,Fishing from the garden or close by,,
R680,Moon River Cottage,Your time,Fishing,+3,Right on the water,,
R681,Moon River Cottage,Your time,Walking and wildlife,+6,"Quiet, with walks from the door",,
R682,Moon River Cottage,Your time,Walking and wildlife,+2,A garden to come back to,,
R683,Moon River Cottage,Your time,Walking and wildlife,+2,Dogs welcome on the walks,,
R684,Moon River Cottage,Your time,Doing very little,+5,Sit by the water and watch the boats go by,,
R685,Moon River Cottage,Your time,Doing very little,+3,A garden to yourselves,,
R686,Moon River Cottage,Where,Wroxham and Hoveton,-5,,,
R687,Moon River Cottage,Where,Horning,-5,,,
R688,Moon River Cottage,Where,Potter Heigham and the Thurne,+8,"In Potter Heigham and the Thurne, where you asked",,
R689,Moon River Cottage,Where,"Reedham, Brundall and the Yare",-5,,,
R690,Moon River Cottage,Where,Somewhere quiet and rural,-5,,,
R691,Owlswick,How many,3 or 4,+2,"Sleeps 6, with a bed or two spare",,
R692,Owlswick,How many,5 or 6,+6,"Sleeps 6, the right size for your party",,
R693,Owlswick,How many,7 or 8,EXCLUDE,"Sleeps 6, not enough beds for 7 to 8",,
R694,Owlswick,How many,9 to 12,EXCLUDE,"Sleeps 6, not enough beds for 9 to 12",,
R695,Owlswick,How many,13 or more,EXCLUDE,"Sleeps 6, not enough beds for 13 or more",,
R696,Owlswick,Who's coming,Just me,-4,,,
R697,Owlswick,Who's coming,Family with children,+2,A garden for the children,,
R698,Owlswick,Who's coming,A group of friends,+3,Pubs and restaurants a short walk away,,
R699,Owlswick,Must have,The dog comes too,+10,Dogs welcome,,
R700,Owlswick,Must have,A mooring for our boat,+10,A mooring at the property,,
R701,Owlswick,Must have,Everything on one level,+10,Everything on one level,,
R702,Owlswick,Must have,A hot tub,-2,,,
R703,Owlswick,Must have,A river view,+4,Right by the water,,
R704,Owlswick,Your time,Out on the water,+6,Moor your boat at the bottom of the garden,,
R705,Owlswick,Your time,Fishing,+8,Fishing from the garden or close by,,
R706,Owlswick,Your time,Fishing,+3,Right on the water,,
R707,Owlswick,Your time,Walking and wildlife,+2,A garden to come back to,,
R708,Owlswick,Your time,Walking and wildlife,+2,Dogs welcome on the walks,,
R709,Owlswick,Your time,"Pubs, villages and days out",+6,In the heart of the village,,
R710,Owlswick,Your time,"Pubs, villages and days out",+3,Horning's pubs and river frontage,,
R711,Owlswick,Your time,"Pubs, villages and days out",+2,Parking at the property for days out,,
R712,Owlswick,Your time,Doing very little,+5,Sit by the water and watch the boats go by,,
R713,Owlswick,Your time,Doing very little,+3,A garden to yourselves,,
R714,Owlswick,Your time,Doing very little,-2,,,
R715,Owlswick,Where,Wroxham and Hoveton,-5,,,
R716,Owlswick,Where,Horning,+8,"In Horning, where you asked",,
R717,Owlswick,Where,Potter Heigham and the Thurne,-5,,,
R718,Owlswick,Where,"Reedham, Brundall and the Yare",-5,,,
R719,Owlswick,Where,Somewhere quiet and rural,-5,,,
R720,Parsley,How many,3 or 4,+6,"Sleeps 4, the right size for your party",,
R721,Parsley,How many,5 or 6,EXCLUDE,"Sleeps 4, not enough beds for 5 to 6",,
R722,Parsley,How many,7 or 8,EXCLUDE,"Sleeps 4, not enough beds for 7 to 8",,
R723,Parsley,How many,9 to 12,EXCLUDE,"Sleeps 4, not enough beds for 9 to 12",,
R724,Parsley,How many,13 or more,EXCLUDE,"Sleeps 4, not enough beds for 13 or more",,
R725,Parsley,Who's coming,Just the two of us,+4,A cottage sized for a couple,,
R726,Parsley,Who's coming,Just me,+5,Small enough to feel like your own,,
R727,Parsley,Who's coming,Family with children,+4,Set up for families,,
R728,Parsley,Who's coming,Family with children,+2,A garden for the children,,
R729,Parsley,Who's coming,A big get-together,-6,,,
R730,Parsley,Must have,The dog comes too,+10,Dogs welcome,,
R731,Parsley,Must have,A mooring for our boat,-8,,,
R732,Parsley,Must have,Everything on one level,+10,Everything on one level,,
R733,Parsley,Must have,A hot tub,+12,Has a hot tub,,
R734,Parsley,Must have,A river view,+4,Right by the water,,
R735,Parsley,Your time,Out on the water,-4,,,
R736,Parsley,Your time,Fishing,+8,Fishing from the garden or close by,,
R737,Parsley,Your time,Fishing,+3,Right on the water,,
R738,Parsley,Your time,Walking and wildlife,+6,"Quiet, with walks from the door",,
R739,Parsley,Your time,Walking and wildlife,+2,A garden to come back to,,
R740,Parsley,Your time,Walking and wildlife,+2,Dogs welcome on the walks,,
R741,Parsley,Your time,"Pubs, villages and days out",+2,Parking at the property for days out,,
R742,Parsley,Your time,Doing very little,+5,Sit by the water and watch the boats go by,,
R743,Parsley,Your time,Doing very little,+3,A garden to yourselves,,
R744,Parsley,Your time,Doing very little,+3,A hot tub to sink into,,
R745,Parsley,Where,Wroxham and Hoveton,-5,,,
R746,Parsley,Where,Horning,-5,,,
R747,Parsley,Where,Potter Heigham and the Thurne,+8,"In Potter Heigham and the Thurne, where you asked",,
R748,Parsley,Where,"Reedham, Brundall and the Yare",-5,,,
R749,Parsley,Where,Somewhere quiet and rural,+8,"In the quieter villages, where you asked",,
R750,Patikipa,How many,3 or 4,EXCLUDE,"Sleeps 2, not enough beds for 3 to 4",,
R751,Patikipa,How many,5 or 6,EXCLUDE,"Sleeps 2, not enough beds for 5 to 6",,
R752,Patikipa,How many,7 or 8,EXCLUDE,"Sleeps 2, not enough beds for 7 to 8",,
R753,Patikipa,How many,9 to 12,EXCLUDE,"Sleeps 2, not enough beds for 9 to 12",,
R754,Patikipa,How many,13 or more,EXCLUDE,"Sleeps 2, not enough beds for 13 or more",,
R755,Patikipa,Who's coming,Just the two of us,+8,Made for two,,
R756,Patikipa,Who's coming,Just me,+5,Small enough to feel like your own,,
R757,Patikipa,Who's coming,Just me,+3,Cosy for one,,
R758,Patikipa,Who's coming,Family with children,+4,Set up for families,,
R759,Patikipa,Who's coming,Family with children,+2,A garden for the children,,
R760,Patikipa,Who's coming,Family with children,EXCLUDE,"Sleeps 2, not enough beds for a family",,
R761,Patikipa,Who's coming,A group of friends,EXCLUDE,"Sleeps 2, not enough beds for a group of friends",,
R762,Patikipa,Who's coming,A big get-together,-6,,,
R763,Patikipa,Who's coming,A big get-together,EXCLUDE,"Sleeps 2, not enough beds for a big group",,
R764,Patikipa,Must have,The dog comes too,+10,Dogs welcome,,
R765,Patikipa,Must have,A mooring for our boat,+10,A mooring at the property,,
R766,Patikipa,Must have,Everything on one level,+10,Everything on one level,,
R767,Patikipa,Must have,A hot tub,-2,,,
R768,Patikipa,Must have,A river view,+8,On the main river,,
R769,Patikipa,Your time,Out on the water,+6,Moor your boat at the bottom of the garden,,
R770,Patikipa,Your time,Out on the water,+3,Straight out onto the main river,,
R771,Patikipa,Your time,Fishing,+8,Fishing from the garden or close by,,
R772,Patikipa,Your time,Fishing,+3,Right on the water,,
R773,Patikipa,Your time,Walking and wildlife,+6,"Quiet, with walks from the door",,
R774,Patikipa,Your time,Walking and wildlife,+2,A garden to come back to,,
R775,Patikipa,Your time,Walking and wildlife,+2,Dogs welcome on the walks,,
R776,Patikipa,Your time,Doing very little,+5,Sit by the water and watch the boats go by,,
R777,Patikipa,Your time,Doing very little,+3,A garden to yourselves,,
R778,Patikipa,Where,Wroxham and Hoveton,-5,,,
R779,Patikipa,Where,Horning,-5,,,
R780,Patikipa,Where,Potter Heigham and the Thurne,+8,"In Potter Heigham and the Thurne, where you asked",,
R781,Patikipa,Where,"Reedham, Brundall and the Yare",-5,,,
R782,Patikipa,Where,Somewhere quiet and rural,-5,,,
R783,Poppy,How many,3 or 4,EXCLUDE,"Sleeps 2, not enough beds for 3 to 4",,
R784,Poppy,How many,5 or 6,EXCLUDE,"Sleeps 2, not enough beds for 5 to 6",,
R785,Poppy,How many,7 or 8,EXCLUDE,"Sleeps 2, not enough beds for 7 to 8",,
R786,Poppy,How many,9 to 12,EXCLUDE,"Sleeps 2, not enough beds for 9 to 12",,
R787,Poppy,How many,13 or more,EXCLUDE,"Sleeps 2, not enough beds for 13 or more",,
R788,Poppy,Who's coming,Just the two of us,+8,Made for two,,
R789,Poppy,Who's coming,Just me,+5,Small enough to feel like your own,,
R790,Poppy,Who's coming,Just me,+3,Cosy for one,,
R791,Poppy,Who's coming,Family with children,+2,A garden for the children,,
R792,Poppy,Who's coming,Family with children,EXCLUDE,"Sleeps 2, not enough beds for a family",,
R793,Poppy,Who's coming,A group of friends,+3,Pubs and restaurants a short walk away,,
R794,Poppy,Who's coming,A group of friends,EXCLUDE,"Sleeps 2, not enough beds for a group of friends",,
R795,Poppy,Who's coming,A big get-together,-6,,,
R796,Poppy,Who's coming,A big get-together,EXCLUDE,"Sleeps 2, not enough beds for a big group",,
R797,Poppy,Must have,The dog comes too,+10,Dogs welcome,,
R798,Poppy,Must have,A mooring for our boat,-8,,,
R799,Poppy,Must have,Everything on one level,-8,,,
R800,Poppy,Must have,A hot tub,-2,,,
R801,Poppy,Must have,A river view,-6,,,
R802,Poppy,Your time,Out on the water,-4,,,
R803,Poppy,Your time,Fishing,-4,,,
R804,Poppy,Your time,Walking and wildlife,+6,"Quiet, with walks from the door",,
R805,Poppy,Your time,Walking and wildlife,+2,A garden to come back to,,
R806,Poppy,Your time,Walking and wildlife,+2,Dogs welcome on the walks,,
R807,Poppy,Your time,"Pubs, villages and days out",+6,In the heart of the village,,
R808,Poppy,Your time,Doing very little,+3,A garden to yourselves,,
R809,Poppy,Your time,Doing very little,-2,,,
R810,Poppy,Where,Wroxham and Hoveton,-5,,,
R811,Poppy,Where,Horning,-5,,,
R812,Poppy,Where,Potter Heigham and the Thurne,-5,,,
R813,Poppy,Where,"Reedham, Brundall and the Yare",-5,,,
R814,Poppy,Where,Somewhere quiet and rural,+8,"In the quieter villages, where you asked",,
R815,Rebel,How many,3 or 4,+6,"Sleeps 4, the right size for your party",,
R816,Rebel,How many,5 or 6,EXCLUDE,"Sleeps 4, not enough beds for 5 to 6",,
R817,Rebel,How many,7 or 8,EXCLUDE,"Sleeps 4, not enough beds for 7 to 8",,
R818,Rebel,How many,9 to 12,EXCLUDE,"Sleeps 4, not enough beds for 9 to 12",,
R819,Rebel,How many,13 or more,EXCLUDE,"Sleeps 4, not enough beds for 13 or more",,
R820,Rebel,Who's coming,Just the two of us,+4,A cottage sized for a couple,,
R821,Rebel,Who's coming,Just me,+5,Small enough to feel like your own,,
R822,Rebel,Who's coming,Family with children,+4,Set up for families,,
R823,Rebel,Who's coming,Family with children,+2,A garden for the children,,
R824,Rebel,Who's coming,A group of friends,+3,Pubs and restaurants a short walk away,,
R825,Rebel,Who's coming,A big get-together,-6,,,
R826,Rebel,Must have,The dog comes too,+10,Dogs welcome,,
R827,Rebel,Must have,A mooring for our boat,-8,,,
R828,Rebel,Must have,Everything on one level,-8,,,
R829,Rebel,Must have,A hot tub,-2,,,
R830,Rebel,Must have,A river view,+8,On the main river,,
R831,Rebel,Your time,Out on the water,+3,Straight out onto the main river,,
R832,Rebel,Your time,Out on the water,-4,,,
R833,Rebel,Your time,Fishing,+3,Right on the water,,
R834,Rebel,Your time,Walking and wildlife,+2,A garden to come back to,,
R835,Rebel,Your time,Walking and wildlife,+2,Dogs welcome on the walks,,
R836,Rebel,Your time,"Pubs, villages and days out",+6,In the heart of the village,,
R837,Rebel,Your time,"Pubs, villages and days out",+3,Wroxham's shops and boatyards close by,,
R838,Rebel,Your time,"Pubs, villages and days out",+2,Parking at the property for days out,,
R839,Rebel,Your time,Doing very little,+5,Sit by the water and watch the boats go by,,
R840,Rebel,Your time,Doing very little,+3,A garden to yourselves,,
R841,Rebel,Your time,Doing very little,-2,,,
R842,Rebel,Where,Wroxham and Hoveton,+8,"In Wroxham, where you asked",,
R843,Rebel,Where,Horning,-5,,,
R844,Rebel,Where,Potter Heigham and the Thurne,-5,,,
R845,Rebel,Where,"Reedham, Brundall and the Yare",-5,,,
R846,Rebel,Where,Somewhere quiet and rural,-5,,,
R847,Rendezvous,How many,3 or 4,+6,"Sleeps 4, the right size for your party",,
R848,Rendezvous,How many,5 or 6,EXCLUDE,"Sleeps 4, not enough beds for 5 to 6",,
R849,Rendezvous,How many,7 or 8,EXCLUDE,"Sleeps 4, not enough beds for 7 to 8",,
R850,Rendezvous,How many,9 to 12,EXCLUDE,"Sleeps 4, not enough beds for 9 to 12",,
R851,Rendezvous,How many,13 or more,EXCLUDE,"Sleeps 4, not enough beds for 13 or more",,
R852,Rendezvous,Who's coming,Just the two of us,+4,A cottage sized for a couple,,
R853,Rendezvous,Who's coming,Just me,+5,Small enough to feel like your own,,
R854,Rendezvous,Who's coming,Family with children,+2,A garden for the children,,
R855,Rendezvous,Who's coming,A group of friends,+3,Pubs and restaurants a short walk away,,
R856,Rendezvous,Who's coming,A big get-together,-6,,,
R857,Rendezvous,Must have,The dog comes too,EXCLUDE,Doesn't take pets,,
R858,Rendezvous,Must have,A mooring for our boat,+10,A mooring at the property,,
R859,Rendezvous,Must have,Everything on one level,-8,,,
R860,Rendezvous,Must have,A hot tub,-2,,,
R861,Rendezvous,Must have,A river view,+8,On the main river,,
R862,Rendezvous,Your time,Out on the water,+8,A day boat comes with the cottage,,
R863,Rendezvous,Your time,Out on the water,+6,Moor your boat at the bottom of the garden,,
R864,Rendezvous,Your time,Out on the water,+3,Straight out onto the main river,,
R865,Rendezvous,Your time,Fishing,+8,Fishing from the garden or close by,,
R866,Rendezvous,Your time,Fishing,+3,Right on the water,,
R867,Rendezvous,Your time,Walking and wildlife,+2,A garden to come back to,,
R868,Rendezvous,Your time,"Pubs, villages and days out",+6,In the heart of the village,,
R869,Rendezvous,Your time,"Pubs, villages and days out",+3,Wroxham's shops and boatyards close by,,
R870,Rendezvous,Your time,Doing very little,+5,Sit by the water and watch the boats go by,,
R871,Rendezvous,Your time,Doing very little,+3,A garden to yourselves,,
R872,Rendezvous,Your time,Doing very little,-2,,,
R873,Rendezvous,Where,Wroxham and Hoveton,+8,"In Wroxham, where you asked",,
R874,Rendezvous,Where,Horning,-5,,,
R875,Rendezvous,Where,Potter Heigham and the Thurne,-5,,,
R876,Rendezvous,Where,"Reedham, Brundall and the Yare",-5,,,
R877,Rendezvous,Where,Somewhere quiet and rural,-5,,,
R878,Riverside Lodge,How many,3 or 4,+6,"Sleeps 4, the right size for your party",,
R879,Riverside Lodge,How many,5 or 6,EXCLUDE,"Sleeps 4, not enough beds for 5 to 6",,
R880,Riverside Lodge,How many,7 or 8,EXCLUDE,"Sleeps 4, not enough beds for 7 to 8",,
R881,Riverside Lodge,How many,9 to 12,EXCLUDE,"Sleeps 4, not enough beds for 9 to 12",,
R882,Riverside Lodge,How many,13 or more,EXCLUDE,"Sleeps 4, not enough beds for 13 or more",,
R883,Riverside Lodge,Who's coming,Just the two of us,+4,A cottage sized for a couple,,
R884,Riverside Lodge,Who's coming,Just me,+5,Small enough to feel like your own,,
R885,Riverside Lodge,Who's coming,Family with children,+4,Set up for families,,
R886,Riverside Lodge,Who's coming,Family with children,+2,A garden for the children,,
R887,Riverside Lodge,Who's coming,A big get-together,-6,,,
R888,Riverside Lodge,Must have,The dog comes too,+10,Dogs welcome,,
R889,Riverside Lodge,Must have,A mooring for our boat,+10,A mooring at the property,,
R890,Riverside Lodge,Must have,Everything on one level,+10,Everything on one level,,
R891,Riverside Lodge,Must have,A hot tub,-2,,,
R892,Riverside Lodge,Must have,A river view,+8,On the main river,,
R893,Riverside Lodge,Your time,Out on the water,+6,Moor your boat at the bottom of the garden,,
R894,Riverside Lodge,Your time,Out on the water,+3,Straight out onto the main river,,
R895,Riverside Lodge,Your time,Fishing,+8,Fishing from the garden or close by,,
R896,Riverside Lodge,Your time,Fishing,+3,Right on the water,,
R897,Riverside Lodge,Your time,Walking and wildlife,+6,"Quiet, with walks from the door",,
R898,Riverside Lodge,Your time,Walking and wildlife,+2,A garden to come back to,,
R899,Riverside Lodge,Your time,Walking and wildlife,+2,Dogs welcome on the walks,,
R900,Riverside Lodge,Your time,Doing very little,+5,Sit by the water and watch the boats go by,,
R901,Riverside Lodge,Your time,Doing very little,+3,A garden to yourselves,,
R902,Riverside Lodge,Where,Wroxham and Hoveton,-5,,,
R903,Riverside Lodge,Where,Horning,-5,,,
R904,Riverside Lodge,Where,Potter Heigham and the Thurne,-5,,,
R905,Riverside Lodge,Where,"Reedham, Brundall and the Yare",+8,"In Reedham, Brundall and the Yare, where you asked",,
R906,Riverside Lodge,Where,Somewhere quiet and rural,-5,,,
R907,Riversmead Cottage,How many,3 or 4,-12,,,
R908,Riversmead Cottage,How many,5 or 6,+2,"Sleeps 8, with a bed or two spare",,
R909,Riversmead Cottage,How many,7 or 8,+6,"Sleeps 8, the right size for your party",,
R910,Riversmead Cottage,How many,9 to 12,EXCLUDE,"Sleeps 8, not enough beds for 9 to 12",,
R911,Riversmead Cottage,How many,13 or more,EXCLUDE,"Sleeps 8, not enough beds for 13 or more",,
R912,Riversmead Cottage,Who's coming,Just the two of us,-6,,,
R913,Riversmead Cottage,Who's coming,Just me,-4,,,
R914,Riversmead Cottage,Who's coming,Family with children,+2,A garden for the children,,
R915,Riversmead Cottage,Who's coming,A big get-together,+6,Room for a big get-together,,
R916,Riversmead Cottage,Must have,The dog comes too,+10,Dogs welcome,,
R917,Riversmead Cottage,Must have,A mooring for our boat,+10,A mooring at the property,,
R918,Riversmead Cottage,Must have,Everything on one level,+10,Everything on one level,,
R919,Riversmead Cottage,Must have,A hot tub,-2,,,
R920,Riversmead Cottage,Must have,A river view,+8,On the main river,,
R921,Riversmead Cottage,Your time,Out on the water,+6,Moor your boat at the bottom of the garden,,
R922,Riversmead Cottage,Your time,Out on the water,+3,Straight out onto the main river,,
R923,Riversmead Cottage,Your time,Fishing,+3,Right on the water,,
R924,Riversmead Cottage,Your time,Walking and wildlife,+2,A garden to come back to,,
R925,Riversmead Cottage,Your time,Walking and wildlife,+2,Dogs welcome on the walks,,
R926,Riversmead Cottage,Your time,"Pubs, villages and days out",+3,Horning's pubs and river frontage,,
R927,Riversmead Cottage,Your time,Doing very little,+5,Sit by the water and watch the boats go by,,
R928,Riversmead Cottage,Your time,Doing very little,+3,A garden to yourselves,,
R929,Riversmead Cottage,Where,Wroxham and Hoveton,-5,,,
R930,Riversmead Cottage,Where,Horning,+8,"In Horning, where you asked",,
R931,Riversmead Cottage,Where,Potter Heigham and the Thurne,-5,,,
R932,Riversmead Cottage,Where,"Reedham, Brundall and the Yare",-5,,,
R933,Riversmead Cottage,Where,Somewhere quiet and rural,-5,,,
R934,Rookery Lakes Cabin,How many,3 or 4,+2,"Sleeps 6, with a bed or two spare",,
R935,Rookery Lakes Cabin,How many,5 or 6,+6,"Sleeps 6, the right size for your party",,
R936,Rookery Lakes Cabin,How many,7 or 8,EXCLUDE,"Sleeps 6, not enough beds for 7 to 8",,
R937,Rookery Lakes Cabin,How many,9 to 12,EXCLUDE,"Sleeps 6, not enough beds for 9 to 12",,
R938,Rookery Lakes Cabin,How many,13 or more,EXCLUDE,"Sleeps 6, not enough beds for 13 or more",,
R939,Rookery Lakes Cabin,Who's coming,Just me,-4,,,
R940,Rookery Lakes Cabin,Who's coming,Family with children,+4,Set up for families,,
R941,Rookery Lakes Cabin,Who's coming,Family with children,+2,A garden for the children,,
R942,Rookery Lakes Cabin,Must have,The dog comes too,+10,Dogs welcome,,
R943,Rookery Lakes Cabin,Must have,A mooring for our boat,-8,,,
R944,Rookery Lakes Cabin,Must have,Everything on one level,+10,Everything on one level,,
R945,Rookery Lakes Cabin,Must have,A hot tub,-2,,,
R946,Rookery Lakes Cabin,Must have,A river view,+4,Right by the water,,
R947,Rookery Lakes Cabin,Your time,Out on the water,-4,,,
R948,Rookery Lakes Cabin,Your time,Fishing,+8,Fishing from the garden or close by,,
R949,Rookery Lakes Cabin,Your time,Fishing,+3,Right on the water,,
R950,Rookery Lakes Cabin,Your time,Walking and wildlife,+6,"Quiet, with walks from the door",,
R951,Rookery Lakes Cabin,Your time,Walking and wildlife,+2,A garden to come back to,,
R952,Rookery Lakes Cabin,Your time,Walking and wildlife,+2,Dogs welcome on the walks,,
R953,Rookery Lakes Cabin,Your time,"Pubs, villages and days out",+2,Parking at the property for days out,,
R954,Rookery Lakes Cabin,Your time,Doing very little,+5,Sit by the water and watch the boats go by,,
R955,Rookery Lakes Cabin,Your time,Doing very little,+3,A garden to yourselves,,
R956,Rookery Lakes Cabin,Where,Wroxham and Hoveton,-5,,,
R957,Rookery Lakes Cabin,Where,Horning,-5,,,
R958,Rookery Lakes Cabin,Where,Potter Heigham and the Thurne,-5,,,
R959,Rookery Lakes Cabin,Where,"Reedham, Brundall and the Yare",+8,"In Reedham, Brundall and the Yare, where you asked",,
R960,Rookery Lakes Cabin,Where,Somewhere quiet and rural,+8,"In the quieter villages, where you asked",,
R961,Royal Retreat,How many,3 or 4,+2,"Sleeps 6, with a bed or two spare",,
R962,Royal Retreat,How many,5 or 6,+6,"Sleeps 6, the right size for your party",,
R963,Royal Retreat,How many,7 or 8,EXCLUDE,"Sleeps 6, not enough beds for 7 to 8",,
R964,Royal Retreat,How many,9 to 12,EXCLUDE,"Sleeps 6, not enough beds for 9 to 12",,
R965,Royal Retreat,How many,13 or more,EXCLUDE,"Sleeps 6, not enough beds for 13 or more",,
R966,Royal Retreat,Who's coming,Just me,-4,,,
R967,Royal Retreat,Must have,The dog comes too,EXCLUDE,Doesn't take pets,,
R968,Royal Retreat,Must have,A mooring for our boat,+10,A mooring at the property,,
R969,Royal Retreat,Must have,Everything on one level,+10,Everything on one level,,
R970,Royal Retreat,Must have,A hot tub,-2,,,
R971,Royal Retreat,Must have,A river view,+4,Right by the water,,
R972,Royal Retreat,Your time,Out on the water,+8,A day boat comes with the cottage,,
R973,Royal Retreat,Your time,Out on the water,+6,Moor your boat at the bottom of the garden,,
R974,Royal Retreat,Your time,Fishing,+8,Fishing from the garden or close by,,
R975,Royal Retreat,Your time,Fishing,+3,Right on the water,,
R976,Royal Retreat,Your time,"Pubs, villages and days out",+3,Wroxham's shops and boatyards close by,,
R977,Royal Retreat,Your time,"Pubs, villages and days out",+2,Parking at the property for days out,,
R978,Royal Retreat,Your time,Doing very little,+5,Sit by the water and watch the boats go by,,
R979,Royal Retreat,Where,Wroxham and Hoveton,+8,"In Wroxham, where you asked",,
R980,Royal Retreat,Where,Horning,-5,,,
R981,Royal Retreat,Where,Potter Heigham and the Thurne,-5,,,
R982,Royal Retreat,Where,"Reedham, Brundall and the Yare",-5,,,
R983,Royal Retreat,Where,Somewhere quiet and rural,-5,,,
R984,Swan Cottage,How many,3 or 4,-12,,,
R985,Swan Cottage,How many,5 or 6,+2,"Sleeps 8, with a bed or two spare",,
R986,Swan Cottage,How many,7 or 8,+6,"Sleeps 8, the right size for your party",,
R987,Swan Cottage,How many,9 to 12,EXCLUDE,"Sleeps 8, not enough beds for 9 to 12",,
R988,Swan Cottage,How many,13 or more,EXCLUDE,"Sleeps 8, not enough beds for 13 or more",,
R989,Swan Cottage,Who's coming,Just the two of us,-6,,,
R990,Swan Cottage,Who's coming,Just me,-4,,,
R991,Swan Cottage,Who's coming,A big get-together,+6,Room for a big get-together,,
R992,Swan Cottage,Must have,The dog comes too,+10,Dogs welcome,,
R993,Swan Cottage,Must have,A mooring for our boat,-8,,,
R994,Swan Cottage,Must have,Everything on one level,-8,,,
R995,Swan Cottage,Must have,A hot tub,-2,,,
R996,Swan Cottage,Must have,A river view,-6,,,
R997,Swan Cottage,Your time,Out on the water,-4,,,
R998,Swan Cottage,Your time,Fishing,-4,,,
R999,Swan Cottage,Your time,Walking and wildlife,+2,Dogs welcome on the walks,,
R1000,Swan Cottage,Your time,"Pubs, villages and days out",+3,Horning's pubs and river frontage,,
R1001,Swan Cottage,Your time,"Pubs, villages and days out",+2,Parking at the property for days out,,
R1002,Swan Cottage,Where,Wroxham and Hoveton,-5,,,
R1003,Swan Cottage,Where,Horning,+8,"In Horning, where you asked",,
R1004,Swan Cottage,Where,Potter Heigham and the Thurne,-5,,,
R1005,Swan Cottage,Where,"Reedham, Brundall and the Yare",-5,,,
R1006,Swan Cottage,Where,Somewhere quiet and rural,-5,,,
R1007,The Boat House,How many,3 or 4,-12,,,
R1008,The Boat House,How many,5 or 6,+2,"Sleeps 8, with a bed or two spare",,
R1009,The Boat House,How many,7 or 8,+6,"Sleeps 8, the right size for your party",,
R1010,The Boat House,How many,9 to 12,EXCLUDE,"Sleeps 8, not enough beds for 9 to 12",,
R1011,The Boat House,How many,13 or more,EXCLUDE,"Sleeps 8, not enough beds for 13 or more",,
R1012,The Boat House,Who's coming,Just the two of us,-6,,,
R1013,The Boat House,Who's coming,Just me,-4,,,
R1014,The Boat House,Who's coming,Family with children,+4,Set up for families,,
R1015,The Boat House,Who's coming,A big get-together,+6,Room for a big get-together,,
R1016,The Boat House,Must have,The dog comes too,+10,Dogs welcome,,
R1017,The Boat House,Must have,A mooring for our boat,+10,A mooring at the property,,
R1018,The Boat House,Must have,Everything on one level,-8,,,
R1019,The Boat House,Must have,A hot tub,-2,,,
R1020,The Boat House,Must have,A river view,+8,On the main river,,
R1021,The Boat House,Your time,Out on the water,+6,Moor your boat at the bottom of the garden,,
R1022,The Boat House,Your time,Out on the water,+3,Straight out onto the main river,,
R1023,The Boat House,Your time,Fishing,+3,Right on the water,,
R1024,The Boat House,Your time,Walking and wildlife,+2,Dogs welcome on the walks,,
R1025,The Boat House,Your time,"Pubs, villages and days out",+3,Horning's pubs and river frontage,,
R1026,The Boat House,Your time,"Pubs, villages and days out",+2,Parking at the property for days out,,
R1027,The Boat House,Your time,Doing very little,+5,Sit by the water and watch the boats go by,,
R1028,The Boat House,Where,Wroxham and Hoveton,-5,,,
R1029,The Boat House,Where,Horning,+8,"In Horning, where you asked",,
R1030,The Boat House,Where,Potter Heigham and the Thurne,-5,,,
R1031,The Boat House,Where,"Reedham, Brundall and the Yare",-5,,,
R1032,The Boat House,Where,Somewhere quiet and rural,-5,,,
R1033,The Cottage,How many,3 or 4,+2,"Sleeps 6, with a bed or two spare",,
R1034,The Cottage,How many,5 or 6,+6,"Sleeps 6, the right size for your party",,
R1035,The Cottage,How many,7 or 8,EXCLUDE,"Sleeps 6, not enough beds for 7 to 8",,
R1036,The Cottage,How many,9 to 12,EXCLUDE,"Sleeps 6, not enough beds for 9 to 12",,
R1037,The Cottage,How many,13 or more,EXCLUDE,"Sleeps 6, not enough beds for 13 or more",,
R1038,The Cottage,Who's coming,Just me,-4,,,
R1039,The Cottage,Who's coming,Family with children,+4,Set up for families,,
R1040,The Cottage,Must have,The dog comes too,+10,Dogs welcome,,
R1041,The Cottage,Must have,A mooring for our boat,+10,A mooring at the property,,
R1042,The Cottage,Must have,Everything on one level,-8,,,
R1043,The Cottage,Must have,A hot tub,-2,,,
R1044,The Cottage,Must have,A river view,+8,On the main river,,
R1045,The Cottage,Your time,Out on the water,+6,Moor your boat at the bottom of the garden,,
R1046,The Cottage,Your time,Out on the water,+3,Straight out onto the main river,,
R1047,The Cottage,Your time,Fishing,+3,Right on the water,,
R1048,The Cottage,Your time,Walking and wildlife,+6,"Quiet, with walks from the door",,
R1049,The Cottage,Your time,Walking and wildlife,+2,Dogs welcome on the walks,,
R1050,The Cottage,Your time,Doing very little,+5,Sit by the water and watch the boats go by,,
R1051,The Cottage,Where,Wroxham and Hoveton,-5,,,
R1052,The Cottage,Where,Horning,-5,,,
R1053,The Cottage,Where,Potter Heigham and the Thurne,-5,,,
R1054,The Cottage,Where,"Reedham, Brundall and the Yare",+8,"In Reedham, Brundall and the Yare, where you asked",,
R1055,The Cottage,Where,Somewhere quiet and rural,-5,,,
R1056,The Firs,How many,3 or 4,+6,"Sleeps 4, the right size for your party",,
R1057,The Firs,How many,5 or 6,EXCLUDE,"Sleeps 4, not enough beds for 5 to 6",,
R1058,The Firs,How many,7 or 8,EXCLUDE,"Sleeps 4, not enough beds for 7 to 8",,
R1059,The Firs,How many,9 to 12,EXCLUDE,"Sleeps 4, not enough beds for 9 to 12",,
R1060,The Firs,How many,13 or more,EXCLUDE,"Sleeps 4, not enough beds for 13 or more",,
R1061,The Firs,Who's coming,Just the two of us,+4,A cottage sized for a couple,,
R1062,The Firs,Who's coming,Just me,+5,Small enough to feel like your own,,
R1063,The Firs,Who's coming,Family with children,+4,Set up for families,,
R1064,The Firs,Who's coming,Family with children,+2,A garden for the children,,
R1065,The Firs,Who's coming,A group of friends,+3,Pubs and restaurants a short walk away,,
R1066,The Firs,Who's coming,A big get-together,-6,,,
R1067,The Firs,Must have,The dog comes too,EXCLUDE,Doesn't take pets,,
R1068,The Firs,Must have,A mooring for our boat,+10,A mooring at the property,,
R1069,The Firs,Must have,Everything on one level,+10,Everything on one level,,
R1070,The Firs,Must have,Everything on one level,+3,Step-free access,,
R1071,The Firs,Must have,A hot tub,-2,,,
R1072,The Firs,Must have,A river view,+4,Right by the water,,
R1073,The Firs,Your time,Out on the water,+8,A day boat comes with the cottage,,
R1074,The Firs,Your time,Out on the water,+6,Moor your boat at the bottom of the garden,,
R1075,The Firs,Your time,Fishing,+8,Fishing from the garden or close by,,
R1076,The Firs,Your time,Fishing,+3,Right on the water,,
R1077,The Firs,Your time,Walking and wildlife,+2,A garden to come back to,,
R1078,The Firs,Your time,"Pubs, villages and days out",+6,In the heart of the village,,
R1079,The Firs,Your time,"Pubs, villages and days out",+3,Wroxham's shops and boatyards close by,,
R1080,The Firs,Your time,"Pubs, villages and days out",+2,Parking at the property for days out,,
R1081,The Firs,Your time,Doing very little,+5,Sit by the water and watch the boats go by,,
R1082,The Firs,Your time,Doing very little,+3,A garden to yourselves,,
R1083,The Firs,Your time,Doing very little,-2,,,
R1084,The Firs,Where,Wroxham and Hoveton,+8,"In Wroxham, where you asked",,
R1085,The Firs,Where,Horning,-5,,,
R1086,The Firs,Where,Potter Heigham and the Thurne,-5,,,
R1087,The Firs,Where,"Reedham, Brundall and the Yare",-5,,,
R1088,The Firs,Where,Somewhere quiet and rural,-5,,,
R1089,The Moorings,How many,3 or 4,+6,"Sleeps 4, the right size for your party",,
R1090,The Moorings,How many,5 or 6,EXCLUDE,"Sleeps 4, not enough beds for 5 to 6",,
R1091,The Moorings,How many,7 or 8,EXCLUDE,"Sleeps 4, not enough beds for 7 to 8",,
R1092,The Moorings,How many,9 to 12,EXCLUDE,"Sleeps 4, not enough beds for 9 to 12",,
R1093,The Moorings,How many,13 or more,EXCLUDE,"Sleeps 4, not enough beds for 13 or more",,
R1094,The Moorings,Who's coming,Just the two of us,+4,A cottage sized for a couple,,
R1095,The Moorings,Who's coming,Just me,+5,Small enough to feel like your own,,
R1096,The Moorings,Who's coming,Family with children,+4,Set up for families,,
R1097,The Moorings,Who's coming,Family with children,+2,A garden for the children,,
R1098,The Moorings,Who's coming,A group of friends,+3,Pubs and restaurants a short walk away,,
R1099,The Moorings,Who's coming,A big get-together,-6,,,
R1100,The Moorings,Must have,The dog comes too,+10,Dogs welcome,,
R1101,The Moorings,Must have,A mooring for our boat,+10,A mooring at the property,,
R1102,The Moorings,Must have,Everything on one level,+10,Everything on one level,,
R1103,The Moorings,Must have,Everything on one level,+3,Step-free access,,
R1104,The Moorings,Must have,A hot tub,-2,,,
R1105,The Moorings,Must have,A river view,+4,Right by the water,,
R1106,The Moorings,Your time,Out on the water,+6,Moor your boat at the bottom of the garden,,
R1107,The Moorings,Your time,Fishing,+8,Fishing from the garden or close by,,
R1108,The Moorings,Your time,Fishing,+3,Right on the water,,
R1109,The Moorings,Your time,Walking and wildlife,+2,A garden to come back to,,
R1110,The Moorings,Your time,Walking and wildlife,+2,Dogs welcome on the walks,,
R1111,The Moorings,Your time,"Pubs, villages and days out",+6,In the heart of the village,,
R1112,The Moorings,Your time,"Pubs, villages and days out",+3,Wroxham's shops and boatyards close by,,
R1113,The Moorings,Your time,"Pubs, villages and days out",+2,Parking at the property for days out,,
R1114,The Moorings,Your time,Doing very little,+5,Sit by the water and watch the boats go by,,
R1115,The Moorings,Your time,Doing very little,+3,A garden to yourselves,,
R1116,The Moorings,Your time,Doing very little,-2,,,
R1117,The Moorings,Where,Wroxham and Hoveton,+8,"In Wroxham, where you asked",,
R1118,The Moorings,Where,Horning,-5,,,
R1119,The Moorings,Where,Potter Heigham and the Thurne,-5,,,
R1120,The Moorings,Where,"Reedham, Brundall and the Yare",-5,,,
R1121,The Moorings,Where,Somewhere quiet and rural,-5,,,
R1122,The River House,How many,3 or 4,-5,,,
R1123,The River House,How many,5 or 6,+2,"Sleeps 7, with a bed or two spare",,
R1124,The River House,How many,7 or 8,+6,"Sleeps 7, the right size for your party",,
R1125,The River House,How many,9 to 12,EXCLUDE,"Sleeps 7, not enough beds for 9 to 12",,
R1126,The River House,How many,13 or more,EXCLUDE,"Sleeps 7, not enough beds for 13 or more",,
R1127,The River House,Who's coming,Just me,-4,,,
R1128,The River House,Who's coming,Family with children,+4,Set up for families,,
R1129,The River House,Must have,The dog comes too,+10,Dogs welcome,,
R1130,The River House,Must have,A mooring for our boat,+10,A mooring at the property,,
R1131,The River House,Must have,Everything on one level,+10,Everything on one level,,
R1132,The River House,Must have,A hot tub,-2,,,
R1133,The River House,Must have,A river view,+8,On the main river,,
R1134,The River House,Your time,Out on the water,+6,Moor your boat at the bottom of the garden,,
R1135,The River House,Your time,Out on the water,+3,Straight out onto the main river,,
R1136,The River House,Your time,Fishing,+8,Fishing from the garden or close by,,
R1137,The River House,Your time,Fishing,+3,Right on the water,,
R1138,The River House,Your time,Walking and wildlife,+6,"Quiet, with walks from the door",,
R1139,The River House,Your time,Walking and wildlife,+2,Dogs welcome on the walks,,
R1140,The River House,Your time,Doing very little,+5,Sit by the water and watch the boats go by,,
R1141,The River House,Where,Wroxham and Hoveton,-5,,,
R1142,The River House,Where,Horning,-5,,,
R1143,The River House,Where,Potter Heigham and the Thurne,+8,"In Potter Heigham and the Thurne, where you asked",,
R1144,The River House,Where,"Reedham, Brundall and the Yare",-5,,,
R1145,The River House,Where,Somewhere quiet and rural,+8,"In the quieter villages, where you asked",,
R1146,The Sheriff House,How many,3 or 4,-12,,,
R1147,The Sheriff House,How many,5 or 6,-12,,,
R1148,The Sheriff House,How many,7 or 8,-12,,,
R1149,The Sheriff House,How many,9 to 12,-5,,,
R1150,The Sheriff House,How many,13 or more,+6,"Sleeps 16, the right size for your party",,
R1151,The Sheriff House,Who's coming,Just the two of us,-6,,,
R1152,The Sheriff House,Who's coming,Just me,-4,,,
R1153,The Sheriff House,Who's coming,Family with children,+4,Set up for families,,
R1154,The Sheriff House,Who's coming,Family with children,+2,A garden for the children,,
R1155,The Sheriff House,Who's coming,A big get-together,+6,Room for a big get-together,,
R1156,The Sheriff House,Must have,The dog comes too,+10,Dogs welcome,,
R1157,The Sheriff House,Must have,A mooring for our boat,+10,A mooring at the property,,
R1158,The Sheriff House,Must have,Everything on one level,+10,Everything on one level,,
R1159,The Sheriff House,Must have,A hot tub,-2,,,
R1160,The Sheriff House,Must have,A river view,+8,On the main river,,
R1161,The Sheriff House,Your time,Out on the water,+6,Moor your boat at the bottom of the garden,,
R1162,The Sheriff House,Your time,Out on the water,+3,Straight out onto the main river,,
R1163,The Sheriff House,Your time,Fishing,+3,Right on the water,,
R1164,The Sheriff House,Your time,Walking and wildlife,+2,A garden to come back to,,
R1165,The Sheriff House,Your time,Walking and wildlife,+2,Dogs welcome on the walks,,
R1166,The Sheriff House,Your time,"Pubs, villages and days out",+3,Wroxham's shops and boatyards close by,,
R1167,The Sheriff House,Your time,"Pubs, villages and days out",+2,Parking at the property for days out,,
R1168,The Sheriff House,Your time,Doing very little,+5,Sit by the water and watch the boats go by,,
R1169,The Sheriff House,Your time,Doing very little,+3,A garden to yourselves,,
R1170,The Sheriff House,Where,Wroxham and Hoveton,+8,"In Wroxham, where you asked",,
R1171,The Sheriff House,Where,Horning,-5,,,
R1172,The Sheriff House,Where,Potter Heigham and the Thurne,-5,,,
R1173,The Sheriff House,Where,"Reedham, Brundall and the Yare",-5,,,
R1174,The Sheriff House,Where,Somewhere quiet and rural,-5,,,
R1175,The Willows,How many,3 or 4,+6,"Sleeps 4, the right size for your party",,
R1176,The Willows,How many,5 or 6,EXCLUDE,"Sleeps 4, not enough beds for 5 to 6",,
R1177,The Willows,How many,7 or 8,EXCLUDE,"Sleeps 4, not enough beds for 7 to 8",,
R1178,The Willows,How many,9 to 12,EXCLUDE,"Sleeps 4, not enough beds for 9 to 12",,
R1179,The Willows,How many,13 or more,EXCLUDE,"Sleeps 4, not enough beds for 13 or more",,
R1180,The Willows,Who's coming,Just the two of us,+4,A cottage sized for a couple,,
R1181,The Willows,Who's coming,Just me,+5,Small enough to feel like your own,,
R1182,The Willows,Who's coming,Family with children,+4,Set up for families,,
R1183,The Willows,Who's coming,A big get-together,-6,,,
R1184,The Willows,Must have,The dog comes too,EXCLUDE,Doesn't take pets,,
R1185,The Willows,Must have,A mooring for our boat,+10,A mooring at the property,,
R1186,The Willows,Must have,Everything on one level,+10,Everything on one level,,
R1187,The Willows,Must have,A hot tub,-2,,,
R1188,The Willows,Must have,A river view,+8,On the main river,,
R1189,The Willows,Your time,Out on the water,+6,Moor your boat at the bottom of the garden,,
R1190,The Willows,Your time,Out on the water,+3,Straight out onto the main river,,
R1191,The Willows,Your time,Fishing,+8,Fishing from the garden or close by,,
R1192,The Willows,Your time,Fishing,+3,Right on the water,,
R1193,The Willows,Your time,"Pubs, villages and days out",+3,Horning's pubs and river frontage,,
R1194,The Willows,Your time,"Pubs, villages and days out",+2,Parking at the property for days out,,
R1195,The Willows,Your time,Doing very little,+5,Sit by the water and watch the boats go by,,
R1196,The Willows,Where,Wroxham and Hoveton,-5,,,
R1197,The Willows,Where,Horning,+8,"In Horning, where you asked",,
R1198,The Willows,Where,Potter Heigham and the Thurne,-5,,,
R1199,The Willows,Where,"Reedham, Brundall and the Yare",-5,,,
R1200,The Willows,Where,Somewhere quiet and rural,-5,,,
R1201,The Willows Wroxham,How many,3 or 4,-12,,,
R1202,The Willows Wroxham,How many,5 or 6,-5,,,
R1203,The Willows Wroxham,How many,7 or 8,+2,"Sleeps 10, with a bed or two spare",,
R1204,The Willows Wroxham,How many,9 to 12,+6,"Sleeps 10, the right size for your party",,
R1205,The Willows Wroxham,How many,13 or more,EXCLUDE,"Sleeps 10, not enough beds for 13 or more",,
R1206,The Willows Wroxham,Who's coming,Just the two of us,-6,,,
R1207,The Willows Wroxham,Who's coming,Just me,-4,,,
R1208,The Willows Wroxham,Who's coming,Family with children,+2,A garden for the children,,
R1209,The Willows Wroxham,Who's coming,A big get-together,+6,Room for a big get-together,,
R1210,The Willows Wroxham,Must have,The dog comes too,EXCLUDE,Doesn't take pets,,
R1211,The Willows Wroxham,Must have,A mooring for our boat,+10,A mooring at the property,,
R1212,The Willows Wroxham,Must have,Everything on one level,-8,,,
R1213,The Willows Wroxham,Must have,A hot tub,-2,,,
R1214,The Willows Wroxham,Must have,A river view,+8,On the main river,,
R1215,The Willows Wroxham,Your time,Out on the water,+6,Moor your boat at the bottom of the garden,,
R1216,The Willows Wroxham,Your time,Out on the water,+3,Straight out onto the main river,,
R1217,The Willows Wroxham,Your time,Fishing,+8,Fishing from the garden or close by,,
R1218,The Willows Wroxham,Your time,Fishing,+3,Right on the water,,
R1219,The Willows Wroxham,Your time,Walking and wildlife,+2,A garden to come back to,,
R1220,The Willows Wroxham,Your time,"Pubs, villages and days out",+3,Wroxham's shops and boatyards close by,,
R1221,The Willows Wroxham,Your time,Doing very little,+5,Sit by the water and watch the boats go by,,
R1222,The Willows Wroxham,Your time,Doing very little,+3,A garden to yourselves,,
R1223,The Willows Wroxham,Where,Wroxham and Hoveton,+8,"In Wroxham, where you asked",,
R1224,The Willows Wroxham,Where,Horning,-5,,,
R1225,The Willows Wroxham,Where,Potter Heigham and the Thurne,-5,,,
R1226,The Willows Wroxham,Where,"Reedham, Brundall and the Yare",-5,,,
R1227,The Willows Wroxham,Where,Somewhere quiet and rural,-5,,,
R1228,Waters Edge,How many,3 or 4,+2,"Sleeps 6, with a bed or two spare",,
R1229,Waters Edge,How many,5 or 6,+6,"Sleeps 6, the right size for your party",,
R1230,Waters Edge,How many,7 or 8,EXCLUDE,"Sleeps 6, not enough beds for 7 to 8",,
R1231,Waters Edge,How many,9 to 12,EXCLUDE,"Sleeps 6, not enough beds for 9 to 12",,
R1232,Waters Edge,How many,13 or more,EXCLUDE,"Sleeps 6, not enough beds for 13 or more",,
R1233,Waters Edge,Who's coming,Just me,-4,,,
R1234,Waters Edge,Must have,The dog comes too,+10,Dogs welcome,,
R1235,Waters Edge,Must have,A mooring for our boat,+10,A mooring at the property,,
R1236,Waters Edge,Must have,Everything on one level,+10,Everything on one level,,
R1237,Waters Edge,Must have,A hot tub,-2,,,
R1238,Waters Edge,Must have,A river view,+8,On the main river,,
R1239,Waters Edge,Your time,Out on the water,+6,Moor your boat at the bottom of the garden,,
R1240,Waters Edge,Your time,Out on the water,+3,Straight out onto the main river,,
R1241,Waters Edge,Your time,Fishing,+8,Fishing from the garden or close by,,
R1242,Waters Edge,Your time,Fishing,+3,Right on the water,,
R1243,Waters Edge,Your time,Walking and wildlife,+6,"Quiet, with walks from the door",,
R1244,Waters Edge,Your time,Walking and wildlife,+2,Dogs welcome on the walks,,
R1245,Waters Edge,Your time,Doing very little,+5,Sit by the water and watch the boats go by,,
R1246,Waters Edge,Where,Wroxham and Hoveton,-5,,,
R1247,Waters Edge,Where,Horning,-5,,,
R1248,Waters Edge,Where,Potter Heigham and the Thurne,+8,"In Potter Heigham and the Thurne, where you asked",,
R1249,Waters Edge,Where,"Reedham, Brundall and the Yare",-5,,,
R1250,Waters Edge,Where,Somewhere quiet and rural,-5,,,
R1251,Waters Edge Cottage – Wroxham,How many,3 or 4,-12,,,
R1252,Waters Edge Cottage – Wroxham,How many,5 or 6,+2,"Sleeps 8, with a bed or two spare",,
R1253,Waters Edge Cottage – Wroxham,How many,7 or 8,+6,"Sleeps 8, the right size for your party",,
R1254,Waters Edge Cottage – Wroxham,How many,9 to 12,EXCLUDE,"Sleeps 8, not enough beds for 9 to 12",,
R1255,Waters Edge Cottage – Wroxham,How many,13 or more,EXCLUDE,"Sleeps 8, not enough beds for 13 or more",,
R1256,Waters Edge Cottage – Wroxham,Who's coming,Just the two of us,-6,,,
R1257,Waters Edge Cottage – Wroxham,Who's coming,Just me,-4,,,
R1258,Waters Edge Cottage – Wroxham,Who's coming,Family with children,+4,Set up for families,,
R1259,Waters Edge Cottage – Wroxham,Who's coming,Family with children,+2,A garden for the children,,
R1260,Waters Edge Cottage – Wroxham,Who's coming,A big get-together,+6,Room for a big get-together,,
R1261,Waters Edge Cottage – Wroxham,Must have,The dog comes too,EXCLUDE,Doesn't take pets,,
R1262,Waters Edge Cottage – Wroxham,Must have,A mooring for our boat,+10,A mooring at the property,,
R1263,Waters Edge Cottage – Wroxham,Must have,Everything on one level,+10,Everything on one level,,
R1264,Waters Edge Cottage – Wroxham,Must have,A hot tub,-2,,,
R1265,Waters Edge Cottage – Wroxham,Must have,A river view,+8,On the main river,,
R1266,Waters Edge Cottage – Wroxham,Your time,Out on the water,+6,Moor your boat at the bottom of the garden,,
R1267,Waters Edge Cottage – Wroxham,Your time,Out on the water,+3,Straight out onto the main river,,
R1268,Waters Edge Cottage – Wroxham,Your time,Fishing,+8,Fishing from the garden or close by,,
R1269,Waters Edge Cottage – Wroxham,Your time,Fishing,+3,Right on the water,,
R1270,Waters Edge Cottage – Wroxham,Your time,Walking and wildlife,+2,A garden to come back to,,
R1271,Waters Edge Cottage – Wroxham,Your time,"Pubs, villages and days out",+3,Wroxham's shops and boatyards close by,,
R1272,Waters Edge Cottage – Wroxham,Your time,"Pubs, villages and days out",+2,Parking at the property for days out,,
R1273,Waters Edge Cottage – Wroxham,Your time,Doing very little,+5,Sit by the water and watch the boats go by,,
R1274,Waters Edge Cottage – Wroxham,Your time,Doing very little,+3,A garden to yourselves,,
R1275,Waters Edge Cottage – Wroxham,Where,Wroxham and Hoveton,+8,"In Wroxham, where you asked",,
R1276,Waters Edge Cottage – Wroxham,Where,Horning,-5,,,
R1277,Waters Edge Cottage – Wroxham,Where,Potter Heigham and the Thurne,-5,,,
R1278,Waters Edge Cottage – Wroxham,Where,"Reedham, Brundall and the Yare",-5,,,
R1279,Waters Edge Cottage – Wroxham,Where,Somewhere quiet and rural,-5,,,
R1280,Westbury,How many,3 or 4,-12,,,
R1281,Westbury,How many,5 or 6,+2,"Sleeps 8, with a bed or two spare",,
R1282,Westbury,How many,7 or 8,+6,"Sleeps 8, the right size for your party",,
R1283,Westbury,How many,9 to 12,EXCLUDE,"Sleeps 8, not enough beds for 9 to 12",,
R1284,Westbury,How many,13 or more,EXCLUDE,"Sleeps 8, not enough beds for 13 or more",,
R1285,Westbury,Who's coming,Just the two of us,-6,,,
R1286,Westbury,Who's coming,Just me,-4,,,
R1287,Westbury,Who's coming,Family with children,+2,A garden for the children,,
R1288,Westbury,Who's coming,A group of friends,+3,Pubs and restaurants a short walk away,,
R1289,Westbury,Who's coming,A big get-together,+6,Room for a big get-together,,
R1290,Westbury,Must have,The dog comes too,+10,Dogs welcome,,
R1291,Westbury,Must have,A mooring for our boat,+10,A mooring at the property,,
R1292,Westbury,Must have,Everything on one level,-8,,,
R1293,Westbury,Must have,A hot tub,-2,,,
R1294,Westbury,Must have,A river view,+8,On the main river,,
R1295,Westbury,Your time,Out on the water,+6,Moor your boat at the bottom of the garden,,
R1296,Westbury,Your time,Out on the water,+3,Straight out onto the main river,,
R1297,Westbury,Your time,Fishing,+3,Right on the water,,
R1298,Westbury,Your time,Walking and wildlife,+2,A garden to come back to,,
R1299,Westbury,Your time,Walking and wildlife,+2,Dogs welcome on the walks,,
R1300,Westbury,Your time,"Pubs, villages and days out",+6,In the heart of the village,,
R1301,Westbury,Your time,"Pubs, villages and days out",+3,Horning's pubs and river frontage,,
R1302,Westbury,Your time,"Pubs, villages and days out",+2,Parking at the property for days out,,
R1303,Westbury,Your time,Doing very little,+5,Sit by the water and watch the boats go by,,
R1304,Westbury,Your time,Doing very little,+3,A garden to yourselves,,
R1305,Westbury,Your time,Doing very little,-2,,,
R1306,Westbury,Where,Wroxham and Hoveton,-5,,,
R1307,Westbury,Where,Horning,+8,"In Horning, where you asked",,
R1308,Westbury,Where,Potter Heigham and the Thurne,-5,,,
R1309,Westbury,Where,"Reedham, Brundall and the Yare",-5,,,
R1310,Westbury,Where,Somewhere quiet and rural,-5,,,
R1311,Wherry Cottage,How many,3 or 4,-5,,,
R1312,Wherry Cottage,How many,5 or 6,+2,"Sleeps 7, with a bed or two spare",,
R1313,Wherry Cottage,How many,7 or 8,+6,"Sleeps 7, the right size for your party",,
R1314,Wherry Cottage,How many,9 to 12,EXCLUDE,"Sleeps 7, not enough beds for 9 to 12",,
R1315,Wherry Cottage,How many,13 or more,EXCLUDE,"Sleeps 7, not enough beds for 13 or more",,
R1316,Wherry Cottage,Who's coming,Just me,-4,,,
R1317,Wherry Cottage,Who's coming,Family with children,+4,Set up for families,,
R1318,Wherry Cottage,Who's coming,Family with children,+2,A garden for the children,,
R1319,Wherry Cottage,Must have,The dog comes too,+10,Dogs welcome,,
R1320,Wherry Cottage,Must have,A mooring for our boat,+10,A mooring at the property,,
R1321,Wherry Cottage,Must have,Everything on one level,-8,,,
R1322,Wherry Cottage,Must have,A hot tub,-2,,,
R1323,Wherry Cottage,Must have,A river view,+4,Right by the water,,
R1324,Wherry Cottage,Your time,Out on the water,+6,Moor your boat at the bottom of the garden,,
R1325,Wherry Cottage,Your time,Fishing,+3,Right on the water,,
R1326,Wherry Cottage,Your time,Walking and wildlife,+6,"Quiet, with walks from the door",,
R1327,Wherry Cottage,Your time,Walking and wildlife,+2,A garden to come back to,,
R1328,Wherry Cottage,Your time,Walking and wildlife,+2,Dogs welcome on the walks,,
R1329,Wherry Cottage,Your time,"Pubs, villages and days out",+2,Parking at the property for days out,,
R1330,Wherry Cottage,Your time,Doing very little,+5,Sit by the water and watch the boats go by,,
R1331,Wherry Cottage,Your time,Doing very little,+3,A garden to yourselves,,
R1332,Wherry Cottage,Where,Wroxham and Hoveton,-5,,,
R1333,Wherry Cottage,Where,Horning,+8,"In Horning, where you asked",,
R1334,Wherry Cottage,Where,Potter Heigham and the Thurne,-5,,,
R1335,Wherry Cottage,Where,"Reedham, Brundall and the Yare",-5,,,
R1336,Wherry Cottage,Where,Somewhere quiet and rural,+8,"In the quieter villages, where you asked",,
R1337,Wherrymere,How many,3 or 4,-12,,,
R1338,Wherrymere,How many,5 or 6,+2,"Sleeps 8, with a bed or two spare",,
R1339,Wherrymere,How many,7 or 8,+6,"Sleeps 8, the right size for your party",,
R1340,Wherrymere,How many,9 to 12,EXCLUDE,"Sleeps 8, not enough beds for 9 to 12",,
R1341,Wherrymere,How many,13 or more,EXCLUDE,"Sleeps 8, not enough beds for 13 or more",,
R1342,Wherrymere,Who's coming,Just the two of us,-6,,,
R1343,Wherrymere,Who's coming,Just me,-4,,,
R1344,Wherrymere,Who's coming,Family with children,+4,Set up for families,,
R1345,Wherrymere,Who's coming,A big get-together,+6,Room for a big get-together,,
R1346,Wherrymere,Must have,The dog comes too,+10,Dogs welcome,,
R1347,Wherrymere,Must have,A mooring for our boat,+10,A mooring at the property,,
R1348,Wherrymere,Must have,Everything on one level,-8,,,
R1349,Wherrymere,Must have,A hot tub,-2,,,
R1350,Wherrymere,Must have,A river view,+4,Right by the water,,
R1351,Wherrymere,Your time,Out on the water,+6,Moor your boat at the bottom of the garden,,
R1352,Wherrymere,Your time,Fishing,+8,Fishing from the garden or close by,,
R1353,Wherrymere,Your time,Fishing,+3,Right on the water,,
R1354,Wherrymere,Your time,Walking and wildlife,+2,Dogs welcome on the walks,,
R1355,Wherrymere,Your time,"Pubs, villages and days out",+3,Horning's pubs and river frontage,,
R1356,Wherrymere,Your time,"Pubs, villages and days out",+2,Parking at the property for days out,,
R1357,Wherrymere,Your time,Doing very little,+5,Sit by the water and watch the boats go by,,
R1358,Wherrymere,Where,Wroxham and Hoveton,-5,,,
R1359,Wherrymere,Where,Horning,+8,"In Horning, where you asked",,
R1360,Wherrymere,Where,Potter Heigham and the Thurne,-5,,,
R1361,Wherrymere,Where,"Reedham, Brundall and the Yare",-5,,,
R1362,Wherrymere,Where,Somewhere quiet and rural,-5,,,
R1363,Wildwood,How many,3 or 4,+2,"Sleeps 6, with a bed or two spare",,
R1364,Wildwood,How many,5 or 6,+6,"Sleeps 6, the right size for your party",,
R1365,Wildwood,How many,7 or 8,EXCLUDE,"Sleeps 6, not enough beds for 7 to 8",,
R1366,Wildwood,How many,9 to 12,EXCLUDE,"Sleeps 6, not enough beds for 9 to 12",,
R1367,Wildwood,How many,13 or more,EXCLUDE,"Sleeps 6, not enough beds for 13 or more",,
R1368,Wildwood,Who's coming,Just me,-4,,,
R1369,Wildwood,Who's coming,Family with children,+4,Set up for families,,
R1370,Wildwood,Who's coming,Family with children,+2,A garden for the children,,
R1371,Wildwood,Must have,The dog comes too,EXCLUDE,Doesn't take pets,,
R1372,Wildwood,Must have,A mooring for our boat,+10,A mooring at the property,,
R1373,Wildwood,Must have,Everything on one level,+10,Everything on one level,,
R1374,Wildwood,Must have,A hot tub,-2,,,
R1375,Wildwood,Must have,A river view,+8,On the main river,,
R1376,Wildwood,Your time,Out on the water,+6,Moor your boat at the bottom of the garden,,
R1377,Wildwood,Your time,Out on the water,+3,Straight out onto the main river,,
R1378,Wildwood,Your time,Fishing,+8,Fishing from the garden or close by,,
R1379,Wildwood,Your time,Fishing,+3,Right on the water,,
R1380,Wildwood,Your time,Walking and wildlife,+2,A garden to come back to,,
R1381,Wildwood,Your time,"Pubs, villages and days out",+3,Wroxham's shops and boatyards close by,,
R1382,Wildwood,Your time,"Pubs, villages and days out",+2,Parking at the property for days out,,
R1383,Wildwood,Your time,Doing very little,+5,Sit by the water and watch the boats go by,,
R1384,Wildwood,Your time,Doing very little,+3,A garden to yourselves,,
R1385,Wildwood,Where,Wroxham and Hoveton,+8,"In Wroxham, where you asked",,
R1386,Wildwood,Where,Horning,-5,,,
R1387,Wildwood,Where,Potter Heigham and the Thurne,-5,,,
R1388,Wildwood,Where,"Reedham, Brundall and the Yare",-5,,,
R1389,Wildwood,Where,Somewhere quiet and rural,-5,,,
R1390,Willow Lodge,How many,3 or 4,-12,,,
R1391,Willow Lodge,How many,5 or 6,-5,,,
R1392,Willow Lodge,How many,7 or 8,+2,"Sleeps 9, with a bed or two spare",,
R1393,Willow Lodge,How many,9 to 12,+6,"Sleeps 9, the right size for your party",,
R1394,Willow Lodge,How many,13 or more,EXCLUDE,"Sleeps 9, not enough beds for 13 or more",,
R1395,Willow Lodge,Who's coming,Just the two of us,-6,,,
R1396,Willow Lodge,Who's coming,Just me,-4,,,
R1397,Willow Lodge,Who's coming,Family with children,+4,Set up for families,,
R1398,Willow Lodge,Who's coming,Family with children,+2,A garden for the children,,
R1399,Willow Lodge,Who's coming,A big get-together,+6,Room for a big get-together,,
R1400,Willow Lodge,Must have,The dog comes too,+10,Dogs welcome,,
R1401,Willow Lodge,Must have,A mooring for our boat,+10,A mooring at the property,,
R1402,Willow Lodge,Must have,Everything on one level,+10,Everything on one level,,
R1403,Willow Lodge,Must have,Everything on one level,+3,Step-free access,,
R1404,Willow Lodge,Must have,A hot tub,-2,,,
R1405,Willow Lodge,Must have,A river view,+8,On the main river,,
R1406,Willow Lodge,Your time,Out on the water,+6,Moor your boat at the bottom of the garden,,
R1407,Willow Lodge,Your time,Out on the water,+3,Straight out onto the main river,,
R1408,Willow Lodge,Your time,Fishing,+3,Right on the water,,
R1409,Willow Lodge,Your time,Walking and wildlife,+2,A garden to come back to,,
R1410,Willow Lodge,Your time,Walking and wildlife,+2,Dogs welcome on the walks,,
R1411,Willow Lodge,Your time,"Pubs, villages and days out",+3,Horning's pubs and river frontage,,
R1412,Willow Lodge,Your time,"Pubs, villages and days out",+2,Parking at the property for days out,,
R1413,Willow Lodge,Your time,Doing very little,+5,Sit by the water and watch the boats go by,,
R1414,Willow Lodge,Your time,Doing very little,+3,A garden to yourselves,,
R1415,Willow Lodge,Where,Wroxham and Hoveton,-5,,,
R1416,Willow Lodge,Where,Horning,+8,"In Horning, where you asked",,
R1417,Willow Lodge,Where,Potter Heigham and the Thurne,-5,,,
R1418,Willow Lodge,Where,"Reedham, Brundall and the Yare",-5,,,
R1419,Willow Lodge,Where,Somewhere quiet and rural,-5,,,
